,pdq,seasonal_pdq,6,9,12,MEAN MAPE
0,"(0, 0, 0)","(0, 0, 0, 12)",1.0,1.0,1.0,1.0
1,"(0, 0, 0)","(0, 0, 1, 12)",0.6888906056853856,0.6534610907502145,0.6206309103919544,0.6543275356091849
2,"(0, 0, 0)","(0, 0, 2, 12)",0.7193286932268431,0.4941543342693227,0.45543302646370626,0.5563053513199574
3,"(0, 0, 0)","(0, 1, 0, 12)",0.16251972542583526,0.17589080355342648,0.15409890227934878,0.16416981041953682
4,"(0, 0, 0)","(0, 1, 1, 12)",0.16240136809547934,0.1934281363262834,0.2035894217276064,0.18647297538312305
5,"(0, 0, 0)","(0, 1, 2, 12)",0.6390376818438568,0.8787384677108165,792.4055387716752,264.6411049737433
6,"(0, 0, 0)","(0, 2, 0, 12)",0.19836940833018132,0.16181836967886784,0.16372829868960223,0.17463869223288378
7,"(0, 0, 0)","(0, 2, 1, 12)",0.135861148548371,0.14914861715730246,0.12892397714834936,0.1379779142846743
8,"(0, 0, 0)","(0, 2, 2, 12)",0.2312216352541647,0.17226131564132935,0.23314696521312728,0.2122099720362071
9,"(0, 0, 0)","(1, 0, 0, 12)",0.18120249556459156,0.2029532105696875,0.18763452235024788,0.19059674282817565
10,"(0, 0, 0)","(1, 0, 1, 12)",0.22733401602227873,0.25026249444721965,0.2562778687388371,0.24462479306944518
11,"(0, 0, 0)","(1, 0, 2, 12)",0.16088344296287851,0.1698512581019737,0.17675848634246075,0.16916439580243767
12,"(0, 0, 0)","(1, 1, 0, 12)",0.1589497867849857,0.18084122010226222,0.17372474198289803,0.17117191629004866
13,"(0, 0, 0)","(1, 1, 1, 12)",0.17495294279112472,0.20659724117752779,0.2385096759122917,0.2066866199603147
14,"(0, 0, 0)","(1, 1, 2, 12)",0.736497971229071,0.8834698093856409,755.019698976339,252.2132222523179
15,"(0, 0, 0)","(1, 2, 0, 12)",0.10877946912306098,0.11516139569940272,0.10273546975696259,0.10889211152647543
16,"(0, 0, 0)","(1, 2, 1, 12)",0.10124717418011527,0.13832075395842325,0.14191990616793318,0.12716261143549057
17,"(0, 0, 0)","(1, 2, 2, 12)",331.92378577752567,0.1756231178833715,0.17321288868744458,110.75754059469882
18,"(0, 0, 0)","(2, 0, 0, 12)",0.12917714469795943,0.16132591357677256,0.16103632002434107,0.15051312609969103
19,"(0, 0, 0)","(2, 0, 1, 12)",0.11969939459022781,0.1542133489234587,0.18421291863303144,0.15270855404890596
20,"(0, 0, 0)","(2, 0, 2, 12)",0.20117996819206363,0.22039883586284556,0.20347188356001975,0.20835022920497634
21,"(0, 0, 0)","(2, 1, 0, 12)",0.2019261663154431,0.21577787852495778,0.22231506873731768,0.2133397045259062
22,"(0, 0, 0)","(2, 1, 1, 12)",0.20397281174115134,0.22678181514766513,0.2460944700236489,0.22561636563748846
23,"(0, 0, 0)","(2, 1, 2, 12)",520646.26043006685,5349426.422104078,18.8756185236636,1956697.1860508898
24,"(0, 0, 0)","(2, 2, 0, 12)",0.11626756670019824,0.13426139507418006,0.1226101967268985,0.12437971950042559
25,"(0, 0, 0)","(2, 2, 1, 12)",0.13056207231223718,0.17827530964241875,0.18677713575372845,0.16520483923612814
26,"(0, 0, 0)","(2, 2, 2, 12)",368.47669108274,0.1950143713177143,0.15366177810998274,122.94178907738923
27,"(0, 0, 1)","(0, 0, 0, 12)",0.928380110212102,0.9353377521551136,0.9681519622752616,0.943956608214159
28,"(0, 0, 1)","(0, 0, 1, 12)",0.6365526688106516,0.615916674971654,0.6024864046744213,0.6183185828189091
29,"(0, 0, 1)","(0, 0, 2, 12)",0.5209208295265426,0.47230122643769207,0.42706933871729674,0.4734304648938438
30,"(0, 0, 1)","(0, 1, 0, 12)",0.13693112409069993,0.17585217757454158,0.14946535301018857,0.15408288489181002
31,"(0, 0, 1)","(0, 1, 1, 12)",0.14262258959053573,0.19973274098916446,0.20852005072870328,0.18362512710280118
32,"(0, 0, 1)","(0, 1, 2, 12)",426780.1937897562,55009863.62121749,40892.75349860855,18492512.189501952
33,"(0, 0, 1)","(0, 2, 0, 12)",0.17537990570712772,0.16240003568080388,0.16182816236189637,0.166536034583276
34,"(0, 0, 1)","(0, 2, 1, 12)",0.11226801981059899,0.15883040044900393,0.12880951745711708,0.1333026459055733
35,"(0, 0, 1)","(0, 2, 2, 12)",811831.4758050203,254707.18886026175,13984431.340398693,5016990.001687991
36,"(0, 0, 1)","(1, 0, 0, 12)",0.15575984439858562,0.20413154808117825,0.18419960988825504,0.1813636674560063
37,"(0, 0, 1)","(1, 0, 1, 12)",0.19767327932314324,0.20135689020396597,0.24192879479454352,0.21365298810721758
38,"(0, 0, 1)","(1, 0, 2, 12)",0.13202820317833097,0.17822945215906427,0.16567202453613208,0.1586432266245091
39,"(0, 0, 1)","(1, 1, 0, 12)",0.13684141852806864,0.17916348707722485,0.16749792826443818,0.16116761128991056
40,"(0, 0, 1)","(1, 1, 1, 12)",0.14257692543761935,0.21075381951624628,0.209267206094764,0.18753265034954322
41,"(0, 0, 1)","(1, 1, 2, 12)",0.9517576842939035,3943746.6675072727,16438.10098601961,1320061.9067503256
42,"(0, 0, 1)","(1, 2, 0, 12)",0.08284140524687657,0.12359964258954347,0.10004944477333176,0.10216349753658394
43,"(0, 0, 1)","(1, 2, 1, 12)",0.09661248153867662,0.1408261730912103,0.1350121359918143,0.12415026354056706
44,"(0, 0, 1)","(1, 2, 2, 12)",4971.690055369505,0.18084407801832175,0.16762345575793802,1657.346174301094
45,"(0, 0, 1)","(2, 0, 0, 12)",0.10411705629969448,0.16461712413219287,0.15886761518229395,0.14253393187139377
46,"(0, 0, 1)","(2, 0, 1, 12)",0.10380247192648506,0.17883685993263407,0.18081919343647038,0.15448617509852983
47,"(0, 0, 1)","(2, 0, 2, 12)",0.1959059319966596,0.13347443747323084,0.17769607362887319,0.16902548103292123
48,"(0, 0, 1)","(2, 1, 0, 12)",0.1877547978654878,0.2129952143325507,0.2141482402086412,0.20496608413555992
49,"(0, 0, 1)","(2, 1, 1, 12)",0.19654100008704237,0.21314295043722037,0.2349118102629287,0.2148652535957305
50,"(0, 0, 1)","(2, 1, 2, 12)",4134975.9568076557,88362675.17466943,47348307.89471605,46615319.67539772
51,"(0, 0, 1)","(2, 2, 0, 12)",0.09261905119858314,0.13757051090958183,0.1159209002698431,0.1153701541260027
52,"(0, 0, 1)","(2, 2, 1, 12)",0.09704720288998787,0.1703853392855097,0.17687888498493945,0.148103809053479
53,"(0, 0, 1)","(2, 2, 2, 12)",388.6911725565257,0.13835556466136414,0.14834598595798673,129.65929136904836
54,"(0, 0, 2)","(0, 0, 0, 12)",0.8123187249610219,0.8991581661594417,0.9197061259330672,0.8770610056845102
55,"(0, 0, 2)","(0, 0, 1, 12)",0.5785164453498847,0.5845587066035514,0.5621612854572032,0.5750788124702132
56,"(0, 0, 2)","(0, 0, 2, 12)",0.4326586394976512,0.5192430198529523,0.3300682312210486,0.42732329685721737
57,"(0, 0, 2)","(0, 1, 0, 12)",0.11862536474078995,0.1770001325936627,0.14023606256571805,0.14528718663339024
58,"(0, 0, 2)","(0, 1, 1, 12)",0.1509377000951148,0.21859154920913154,0.21070970103144948,0.19341298344523195
59,"(0, 0, 2)","(0, 1, 2, 12)",0.49327245379411483,0.7153858796120312,715.9828312303285,239.06382985457822
60,"(0, 0, 2)","(0, 2, 0, 12)",0.1708239268558945,0.16799003550419925,0.16304133707575694,0.16728509981195025
61,"(0, 0, 2)","(0, 2, 1, 12)",0.10376602706065807,0.16996976202999337,0.12985352570328237,0.13452977159797794
62,"(0, 0, 2)","(0, 2, 2, 12)",0.21048039292522114,0.1870719353308551,0.2322634570771097,0.20993859511106197
63,"(0, 0, 2)","(1, 0, 0, 12)",0.1459410245760002,0.21446585359665013,0.18296680120014067,0.18112455979093034
64,"(0, 0, 2)","(1, 0, 1, 12)",0.1448089706240709,0.23763472744314354,0.2358540103370137,0.2060992361347427
65,"(0, 0, 2)","(1, 0, 2, 12)",0.10008377944223402,0.16806503310729584,0.16322112912776524,0.1437899805590984
66,"(0, 0, 2)","(1, 1, 0, 12)",0.10395931322401926,0.17886554828358808,0.16422515859243894,0.1490166733666821
67,"(0, 0, 2)","(1, 1, 1, 12)",0.14924425305262595,0.22543936721383517,0.23245687080380958,0.20238016369009024
68,"(0, 0, 2)","(1, 1, 2, 12)",0.5544796288474719,0.7249721383314504,771.0023597805426,257.4272705159072
69,"(0, 0, 2)","(1, 2, 0, 12)",0.0562079223525532,0.12175112650721702,0.09659122318684121,0.09151675734887048
70,"(0, 0, 2)","(1, 2, 1, 12)",0.05024990791637302,0.14582179179916815,0.13903448960319983,0.11170206310624702
71,"(0, 0, 2)","(1, 2, 2, 12)",268.41236756159145,0.1254505523025467,0.1296235471454351,89.55581388701314
72,"(0, 0, 2)","(2, 0, 0, 12)",0.08482955141723462,0.17116094636924575,0.16183637033148174,0.13927562270598737
73,"(0, 0, 2)","(2, 0, 1, 12)",0.10431658308748659,0.18151119826606388,0.18468911789170442,0.15683896641508496
74,"(0, 0, 2)","(2, 0, 2, 12)",0.08460950149314998,0.16383605361189577,0.186053314461787,0.14483295652227757
75,"(0, 0, 2)","(2, 1, 0, 12)",0.1320611095948611,0.2018675055159105,0.20122693872250383,0.1783851846110918
76,"(0, 0, 2)","(2, 1, 1, 12)",0.1558126289126517,0.228230515312448,0.23406910492050895,0.20603741638186956
77,"(0, 0, 2)","(2, 1, 2, 12)",531324.5444784785,240472725.95613587,476908485259.3086,159049829769.9364
78,"(0, 0, 2)","(2, 2, 0, 12)",0.05274163858413772,0.12613156235523906,0.10589081053331911,0.0949213371575653
79,"(0, 0, 2)","(2, 2, 1, 12)",0.07945798074295783,0.18114455189359152,0.1550713750568751,0.1385579692311415
80,"(0, 0, 2)","(2, 2, 2, 12)",297.5092980648835,0.1294674340957066,0.13004595223511314,99.2562704837381
81,"(0, 1, 0)","(0, 0, 0, 12)",0.08466913118796471,0.07398324480805586,0.055178339193943694,0.07127690506332142
82,"(0, 1, 0)","(0, 0, 1, 12)",0.09109467213131545,0.07319350629802857,0.057356698189889414,0.07388162553974448
83,"(0, 1, 0)","(0, 0, 2, 12)",0.09457731167361343,0.07108595526655516,0.058723598650341845,0.07479562186350348
84,"(0, 1, 0)","(0, 1, 0, 12)",0.11380964186152791,0.16192696829377623,0.11211346488818585,0.12928335834783
85,"(0, 1, 0)","(0, 1, 1, 12)",0.11514177512771075,0.09300735657218133,0.05254128862715898,0.08689680677568368
86,"(0, 1, 0)","(0, 1, 2, 12)",0.1389785559528095,0.29854128319518397,0.13025989390905893,0.18925991101901748
87,"(0, 1, 0)","(0, 2, 0, 12)",0.09268801425894085,0.41950679749516917,0.32742784120350615,0.27987421765253867
88,"(0, 1, 0)","(0, 2, 1, 12)",0.13311839910573667,0.14233065787699709,0.11057497825212921,0.12867467841162097
89,"(0, 1, 0)","(0, 2, 2, 12)",0.11817137700928038,0.4829520451326863,75.871660945052,25.49092812239799
90,"(0, 1, 0)","(1, 0, 0, 12)",0.09406751660460566,0.07206192775125483,0.059190904607787954,0.07510678298788281
91,"(0, 1, 0)","(1, 0, 1, 12)",0.08827031871834434,0.07429534862904938,0.054402711959290834,0.07232279310222818
92,"(0, 1, 0)","(1, 0, 2, 12)",0.08361167003319926,0.07041308489705174,0.0584692893811675,0.07083134810380616
93,"(0, 1, 0)","(1, 1, 0, 12)",0.22212225089713508,0.0805706621015271,0.07350219130251902,0.12539836810039373
94,"(0, 1, 0)","(1, 1, 1, 12)",0.17326621941945441,0.059897114971725146,0.059121951216745884,0.09742842853597515
95,"(0, 1, 0)","(1, 1, 2, 12)",0.2622533171589172,0.11218933709235422,6120017.117005509,2040005.8304827213
96,"(0, 1, 0)","(1, 2, 0, 12)",0.20888705186508125,0.15404745093980896,0.11935361973360024,0.16076270751283014
97,"(0, 1, 0)","(1, 2, 1, 12)",0.28609405421404893,0.11638381304053391,0.09899868154852366,0.16715884960103553
98,"(0, 1, 0)","(1, 2, 2, 12)",0.5884208830184227,1113.1864146451817,0.0773410095040261,371.28405884590137
99,"(0, 1, 0)","(2, 0, 0, 12)",0.09897021768852571,0.06522735894168319,0.05719614118918823,0.07379790593979904
100,"(0, 1, 0)","(2, 0, 1, 12)",0.08806797592234018,0.073658919158487,0.05413668148318405,0.07195452552133708
101,"(0, 1, 0)","(2, 0, 2, 12)",0.11216349577097241,0.07682853979413905,0.058463808147160734,0.08248528123742406
102,"(0, 1, 0)","(2, 1, 0, 12)",0.19522439635117064,0.0640335115351634,0.063546653753726,0.1076015205466867
103,"(0, 1, 0)","(2, 1, 1, 12)",0.18840539512050614,0.06138038185338404,0.06287483967545356,0.10422020554978124
104,"(0, 1, 0)","(2, 1, 2, 12)",0.1296714787307823,0.038808435252416465,0.0802919346940519,0.08292394955908355
105,"(0, 1, 0)","(2, 2, 0, 12)",0.24895296988725504,0.10458690712601566,0.09028801674179093,0.14794263125168722
106,"(0, 1, 0)","(2, 2, 1, 12)",0.2747728104783583,0.11371453319022426,0.08287540058815492,0.1571209147522458
107,"(0, 1, 0)","(2, 2, 2, 12)",0.559960641751757,21784.727848114835,0.07964346669980725,7261.789150741096
108,"(0, 1, 1)","(0, 0, 0, 12)",0.08580924988048207,0.08851090827571419,0.056918307721188506,0.07707948862579492
109,"(0, 1, 1)","(0, 0, 1, 12)",0.09251834427509663,0.08540347085570467,0.06325110796837602,0.08039097436639243
110,"(0, 1, 1)","(0, 0, 2, 12)",0.0905813469977849,0.09058440034857268,0.061094825783626315,0.0807535243766613
111,"(0, 1, 1)","(0, 1, 0, 12)",0.12560831762662877,0.1865723641990307,0.07136137347292872,0.12784735176619608
112,"(0, 1, 1)","(0, 1, 1, 12)",0.11697317344803199,0.12862403565501962,0.05051325401319819,0.09870348770541659
113,"(0, 1, 1)","(0, 1, 2, 12)",0.1595650215137119,0.31356922894795125,0.0992454003433707,0.19079321693501128
114,"(0, 1, 1)","(0, 2, 0, 12)",0.07797848570060614,0.4393897746227834,0.26730187596491917,0.26155671209610293
115,"(0, 1, 1)","(0, 2, 1, 12)",0.14736286024126893,0.16856273317559486,0.0713619829783886,0.12909585879841745
116,"(0, 1, 1)","(0, 2, 2, 12)",0.10879465768855288,0.5030136424592224,76.29078712352548,25.63419847455775
117,"(0, 1, 1)","(1, 0, 0, 12)",0.09658532778966689,0.0837733248273252,0.06728715577875251,0.08254860279858152
118,"(0, 1, 1)","(1, 0, 1, 12)",0.08965149975402635,0.08599111278304913,0.056324597023068725,0.07732240318671472
119,"(0, 1, 1)","(1, 0, 2, 12)",0.08465689069138842,0.08188243102033896,0.05594462302041864,0.07416131491071533
120,"(0, 1, 1)","(1, 1, 0, 12)",0.22482876496745105,0.07504393176475499,0.08128355331819317,0.12705208335013307
121,"(0, 1, 1)","(1, 1, 1, 12)",0.15811092443135474,0.0796064576568497,0.06228007058485074,0.09999915089101839
122,"(0, 1, 1)","(1, 1, 2, 12)",0.2656099402805792,0.10963828938895229,8194492.396845031,2731497.5906977537
123,"(0, 1, 1)","(1, 2, 0, 12)",0.21043011911123846,0.18061518164570453,0.09341396517737065,0.16148642197810456
124,"(0, 1, 1)","(1, 2, 1, 12)",0.2808453979864627,0.10742692535394055,0.10522288076018001,0.16449840136686109
125,"(0, 1, 1)","(1, 2, 2, 12)",0.5818815708014246,1497972973.490871,0.07939068780192898,499324324.71738106
126,"(0, 1, 1)","(2, 0, 0, 12)",0.09490414821436073,0.08029533762483193,0.06326941811381297,0.07948963465100188
127,"(0, 1, 1)","(2, 0, 1, 12)",0.08718780781353264,0.090278309435923,0.05395840050733486,0.07714150591893017
128,"(0, 1, 1)","(2, 0, 2, 12)",0.08601446457157587,0.09807709913126321,0.056455661405483214,0.08018240836944077
129,"(0, 1, 1)","(2, 1, 0, 12)",0.20225186278197915,0.06468996404917962,0.07504992878502498,0.11399725187206124
130,"(0, 1, 1)","(2, 1, 1, 12)",0.1535703122889013,0.06519819424792396,0.07290757670535254,0.09722536108072594
131,"(0, 1, 1)","(2, 1, 2, 12)",0.13052442030485625,0.041598282485809296,0.08338279502097062,0.08516849927054539
132,"(0, 1, 1)","(2, 2, 0, 12)",0.2539035815850008,0.10713241724202885,0.08413633557601143,0.148390778134347
133,"(0, 1, 1)","(2, 2, 1, 12)",0.2753115001307476,0.11117684946183395,0.10271504030370966,0.16306779663209708
134,"(0, 1, 1)","(2, 2, 2, 12)",0.5533111356061289,1429289363.9004638,0.07253023875032767,476429788.17543507
135,"(0, 1, 2)","(0, 0, 0, 12)",0.08459512450237601,0.08206934798123564,0.05474654965227582,0.07380367404529582
136,"(0, 1, 2)","(0, 0, 1, 12)",0.09333139574184374,0.08809145087491459,0.06564065492632308,0.08235450051436048
137,"(0, 1, 2)","(0, 0, 2, 12)",0.09210677054396312,0.09473917657012598,0.0631593391873413,0.08333509543381012
138,"(0, 1, 2)","(0, 1, 0, 12)",0.11196922023774177,0.16025922842770948,0.09221871502868918,0.12148238789804681
139,"(0, 1, 2)","(0, 1, 1, 12)",0.11583002004487268,0.12304948806050758,0.04995237783850747,0.09627729531462925
140,"(0, 1, 2)","(0, 1, 2, 12)",0.19769268085096872,0.28619512916568096,0.1152712203218907,0.1997196767795135
141,"(0, 1, 2)","(0, 2, 0, 12)",0.09205505363775977,0.4017709403284058,0.2838744770113009,0.25923349032582216
142,"(0, 1, 2)","(0, 2, 1, 12)",0.14172194592172085,0.15148108526245074,0.08066360405858132,0.1246222117475843
143,"(0, 1, 2)","(0, 2, 2, 12)",0.12219441035062013,0.4637863395907178,75.6338061038921,25.40659561794448
144,"(0, 1, 2)","(1, 0, 0, 12)",0.09858691818883088,0.0886331787144348,0.07166402880474533,0.086294708569337
145,"(0, 1, 2)","(1, 0, 1, 12)",0.09139472808890403,0.0897794904970459,0.05830634142142462,0.07982685333579152
146,"(0, 1, 2)","(1, 0, 2, 12)",0.08522256838091487,0.08714510709086266,0.05719798162453734,0.07652188569877162
147,"(0, 1, 2)","(1, 1, 0, 12)",0.22308670288314122,0.07524162829333797,0.07866595242264718,0.1256647611997088
148,"(0, 1, 2)","(1, 1, 1, 12)",0.1564035981305835,0.08295266580200046,0.06401750694691613,0.10112459029316671
149,"(0, 1, 2)","(1, 1, 2, 12)",0.2576023165230285,0.11356825887470524,6377576.242546341,2125858.8712389725
150,"(0, 1, 2)","(1, 2, 0, 12)",0.20894453315715955,0.17350517006288474,0.09534097856429498,0.15926356059477975
151,"(0, 1, 2)","(1, 2, 1, 12)",0.27432993801590894,0.10515487312185554,0.0955897679548306,0.158358193030865
152,"(0, 1, 2)","(1, 2, 2, 12)",0.5829993864684052,2382993602216.542,0.07879069905266581,794331200739.0679
153,"(0, 1, 2)","(2, 0, 0, 12)",0.09694861505195952,0.08511986273887134,0.06812944099003779,0.08339930626028953
154,"(0, 1, 2)","(2, 0, 1, 12)",0.08736007983458345,0.10244287660343471,0.05529620661019064,0.08169972101606959
155,"(0, 1, 2)","(2, 0, 2, 12)",0.08628400545191878,0.10473633126789239,0.057492991894395766,0.08283777620473565
156,"(0, 1, 2)","(2, 1, 0, 12)",0.20249333399050792,0.06498036814457173,0.07771716054467372,0.11506362089325112
157,"(0, 1, 2)","(2, 1, 1, 12)",0.1546520404977824,0.06635209785511414,0.07689174481777886,0.09929862772355846
158,"(0, 1, 2)","(2, 1, 2, 12)",0.12991691984234893,0.03767463065736763,0.07519558434909082,0.08092904494960247
159,"(0, 1, 2)","(2, 2, 0, 12)",0.2454866872991975,0.10535517819105177,0.0841476364412302,0.1449965006438265
160,"(0, 1, 2)","(2, 2, 1, 12)",0.2714975611641245,0.1090464629614809,0.08061490971944675,0.1537196446150174
161,"(0, 1, 2)","(2, 2, 2, 12)",0.5511012247469462,1.3738003242302743e+19,0.07939857809196803,4.579334414100914e+18
162,"(0, 2, 0)","(0, 0, 0, 12)",0.1829196172552797,0.4737447712070099,0.5186332387213122,0.39176587572786725
163,"(0, 2, 0)","(0, 0, 1, 12)",0.1547634684169929,0.4573830975855807,0.49558605027135144,0.36924420542464165
164,"(0, 2, 0)","(0, 0, 2, 12)",0.14562427081510607,0.4632132444336914,0.9149158904181202,0.5079178018889725
165,"(0, 2, 0)","(0, 1, 0, 12)",0.27231426573748524,0.6076155057353243,0.6158192494537679,0.49858300697552577
166,"(0, 2, 0)","(0, 1, 1, 12)",0.2999211883074562,0.6098972627204202,0.4521815636253724,0.4540000048844162
167,"(0, 2, 0)","(0, 1, 2, 12)",0.3092372029869538,3.01485301289802,0.6133444097750319,1.3124782085533353
168,"(0, 2, 0)","(0, 2, 0, 12)",0.15738680486885295,0.9796508113977976,0.5159231067216596,0.5509869076627701
169,"(0, 2, 0)","(0, 2, 1, 12)",0.29644372303986016,0.5792484512135556,0.6917425231739277,0.5224782324757812
170,"(0, 2, 0)","(0, 2, 2, 12)",0.18785330453739932,4.596587477324848,0.6450166499198532,1.8098191439273668
171,"(0, 2, 0)","(1, 0, 0, 12)",0.15847844208124814,0.4388428682162721,0.49518111227400646,0.36416747419050893
172,"(0, 2, 0)","(1, 0, 1, 12)",0.17299736684628617,0.4430555967913917,0.5125801460780793,0.37621103657191907
173,"(0, 2, 0)","(1, 0, 2, 12)",0.16204725884430143,0.4358880117968727,6.143925889324591,2.2472870533219216
174,"(0, 2, 0)","(1, 1, 0, 12)",0.351852478141321,0.39388342940570986,0.6776309897741801,0.4744556324404037
175,"(0, 2, 0)","(1, 1, 1, 12)",0.34003462038736987,0.5151219596861629,0.4444599333280312,0.43320550446718803
176,"(0, 2, 0)","(1, 1, 2, 12)",0.3497674005967181,252.43928559004704,0.7058950105628314,84.4983160004022
177,"(0, 2, 0)","(1, 2, 0, 12)",0.30745070462652274,0.6308394714590352,0.6617784350546673,0.5333562037134084
178,"(0, 2, 0)","(1, 2, 1, 12)",0.3886815784316186,0.37560106469735993,0.755404633990237,0.5065624257064052
179,"(0, 2, 0)","(1, 2, 2, 12)",0.20161565213373978,0.697152444547895,0.5401675332936684,0.4796452099917678
180,"(0, 2, 0)","(2, 0, 0, 12)",0.17888266819579993,0.43243798221723606,0.5104538005810689,0.373924816998035
181,"(0, 2, 0)","(2, 0, 1, 12)",0.16797631470683524,0.4694639858255797,0.5317561533827894,0.38973215130506816
182,"(0, 2, 0)","(2, 0, 2, 12)",0.13359966979067092,0.46743068195204796,78.03837653198022,26.213135627907647
183,"(0, 2, 0)","(2, 1, 0, 12)",0.3503924095964352,0.3437358674890325,0.665637459477139,0.45325524552086893
184,"(0, 2, 0)","(2, 1, 1, 12)",0.33626711780496826,0.538216726976526,0.45837257832242145,0.4442854743679719
185,"(0, 2, 0)","(2, 1, 2, 12)",0.3225385772820754,655029808.2662807,16.64154471738291,218343275.07678798
186,"(0, 2, 0)","(2, 2, 0, 12)",0.3765808452032559,0.43684050038007977,0.9071617753265576,0.5735277069699644
187,"(0, 2, 0)","(2, 2, 1, 12)",0.3629084677293127,0.31449502779534316,0.7100077461915083,0.46247041390538807
188,"(0, 2, 0)","(2, 2, 2, 12)",2.3319783882624328,0.8320965214938817,0.531722775658357,1.2319325618048904
189,"(0, 2, 1)","(0, 0, 0, 12)",0.09213698116427023,0.07129301435143358,0.05837664245883079,0.07393554599151153
190,"(0, 2, 1)","(0, 0, 1, 12)",0.09102091588133443,0.31667591738364953,0.45826165030827903,0.2886528278577543
191,"(0, 2, 1)","(0, 0, 2, 12)",0.09774383086825582,0.3144118941849717,0.4332093694818997,0.2817883648450424
192,"(0, 2, 1)","(0, 1, 0, 12)",0.13128673983057715,0.1504894776640272,0.09551849996935698,0.12576490582132044
193,"(0, 2, 1)","(0, 1, 1, 12)",0.15599965592159504,0.05969269471138967,0.07862132268306145,0.09810455777201538
194,"(0, 2, 1)","(0, 1, 2, 12)",0.3313939910797994,2.8322956671270316,0.3221375357092777,1.1619423979720362
195,"(0, 2, 1)","(0, 2, 0, 12)",0.09044313678640285,0.43864126203718995,0.3500380545026182,0.29304081777540364
196,"(0, 2, 1)","(0, 2, 1, 12)",0.14189942979978307,0.17297390301116589,0.1479608102952482,0.15427804770206574
197,"(0, 2, 1)","(0, 2, 2, 12)",0.49950106347293294,4.320934233478635,0.06561560438951451,1.628683633780361
198,"(0, 2, 1)","(1, 0, 0, 12)",0.09432879743343826,0.3356540121463487,0.49411754753069353,0.30803345237016017
199,"(0, 2, 1)","(1, 0, 1, 12)",0.09833648537858065,0.319151984816201,0.42540947046912364,0.28096598022130176
200,"(0, 2, 1)","(1, 0, 2, 12)",0.08331422102504628,0.24249449893913322,4.37853272828982,1.5681138160846666
201,"(0, 2, 1)","(1, 1, 0, 12)",0.2512973008877169,0.09801369013641763,0.09647843994089202,0.1485964769883422
202,"(0, 2, 1)","(1, 1, 1, 12)",0.21024532225743997,0.07373981257383684,0.10688896634829415,0.13029136705985697
203,"(0, 2, 1)","(1, 1, 2, 12)",0.3188723264817481,371.0507520037359,0.6527397516598291,124.00745469395918
204,"(0, 2, 1)","(1, 2, 0, 12)",0.20707449091959798,0.17308709042568135,0.14369889675391437,0.17462015936639788
205,"(0, 2, 1)","(1, 2, 1, 12)",0.3153997609100028,0.09512344526567867,0.08670977692860933,0.16574432770143027
206,"(0, 2, 1)","(1, 2, 2, 12)",0.4601695493387122,0.6670843733945924,0.0670432299664271,0.39809905089991054
207,"(0, 2, 1)","(2, 0, 0, 12)",0.11975146229408568,0.2970802259317646,0.47948288601827155,0.29877152474804064
208,"(0, 2, 1)","(2, 0, 1, 12)",0.17456929697273726,0.3558919894857035,0.43647584838998793,0.3223123782828096
209,"(0, 2, 1)","(2, 0, 2, 12)",0.08976672056336495,0.313747639716111,106.02661651278639,35.47671029102195
210,"(0, 2, 1)","(2, 1, 0, 12)",0.22053184828089242,0.07699761087865119,0.08618148942218902,0.1279036495272442
211,"(0, 2, 1)","(2, 1, 1, 12)",0.21981461681325606,0.07398982397377413,0.08711278297877074,0.12697240792193362
212,"(0, 2, 1)","(2, 1, 2, 12)",0.30177174011996605,991031403248.6389,62.36619138062696,330343801103.769
213,"(0, 2, 1)","(2, 2, 0, 12)",0.2676804437038352,0.10444297560696504,0.09396248327497393,0.15536196752859138
214,"(0, 2, 1)","(2, 2, 1, 12)",0.33941771239401847,0.11837687421940599,0.0863884600485703,0.18139434888733155
215,"(0, 2, 1)","(2, 2, 2, 12)",1.7452935601261936,0.8731369640403698,0.09766061108863604,0.9053637117517331
216,"(0, 2, 2)","(0, 0, 0, 12)",0.08562795708358133,0.09322262840845168,0.061551390138298696,0.08013399187677724
217,"(0, 2, 2)","(0, 0, 1, 12)",0.09182882765505802,0.08086619082954999,0.06923219720925679,0.08064240523128825
218,"(0, 2, 2)","(0, 0, 2, 12)",0.09023201437650706,0.07760373489656995,1.6842368956302067,0.6173575483010946
219,"(0, 2, 2)","(0, 1, 0, 12)",0.14119550693243535,0.17912689221460437,0.057752246809920534,0.12602488198565343
220,"(0, 2, 2)","(0, 1, 1, 12)",0.16543575112599765,0.08162965729673417,0.11447072828588016,0.12051204556953733
221,"(0, 2, 2)","(0, 1, 2, 12)",0.1610334117133039,3.4337500529860754,0.055499875464223226,1.2167611133878675
222,"(0, 2, 2)","(0, 2, 0, 12)",0.07538000250656697,0.45695134403371235,0.28247247954239485,0.2716012753608914
223,"(0, 2, 2)","(0, 2, 1, 12)",0.15759393587603246,0.19480493453349118,0.09589765572409396,0.14943217537787254
224,"(0, 2, 2)","(0, 2, 2, 12)",0.9143877611524528,5.056375316257997,0.06387578710485628,2.0115462881717687
225,"(0, 2, 2)","(1, 0, 0, 12)",0.09619969758092141,0.08041680028274398,0.07332726575269789,0.0833145878721211
226,"(0, 2, 2)","(1, 0, 1, 12)",0.08896267728020024,0.09020881056655188,0.062164898389115604,0.08044546207862258
227,"(0, 2, 2)","(1, 0, 2, 12)",0.08552599956245704,0.08148898533316418,3.0989196239818484,1.088644869625823
228,"(0, 2, 2)","(1, 1, 0, 12)",0.24984480505792384,0.08956331977349302,0.11254928538943614,0.15065247007361768
229,"(0, 2, 2)","(1, 1, 1, 12)",0.20594818541693158,0.06444299633772088,0.13054150085184307,0.1336442275354985
230,"(0, 2, 2)","(1, 1, 2, 12)",0.14958189844141287,2203.941034858248,0.34865951843150994,734.8130920917068
231,"(0, 2, 2)","(1, 2, 0, 12)",0.2085181638543884,0.2018258055246917,0.10337343188775187,0.17123913375561065
232,"(0, 2, 2)","(1, 2, 1, 12)",0.2802237290946538,0.08897537350162579,0.08615658879479059,0.15178523046369008
233,"(0, 2, 2)","(1, 2, 2, 12)",0.1591281179890836,4.515649683797118,0.0934244324389824,1.589400744741728
234,"(0, 2, 2)","(2, 0, 0, 12)",0.10536010849758543,0.07062861321758336,0.08150136996366218,0.08583003055961032
235,"(0, 2, 2)","(2, 0, 1, 12)",0.08414586765836911,0.08658101588625657,0.05784934415702319,0.07619207590054962
236,"(0, 2, 2)","(2, 0, 2, 12)",0.0873052148209505,0.07784607633966639,102.14769257318629,34.10428128811564
237,"(0, 2, 2)","(2, 1, 0, 12)",0.2240574629575829,0.07448952436452443,0.10183492966081031,0.13346063899430588
238,"(0, 2, 2)","(2, 1, 1, 12)",0.19286585586420293,0.06292092495656026,0.11960565700699756,0.1251308126092536
239,"(0, 2, 2)","(2, 1, 2, 12)",0.17500042300268825,1568723298.298546,95.75214147707187,522907798.07522935
240,"(0, 2, 2)","(2, 2, 0, 12)",0.2641109934940759,0.10682199335406188,0.08523105133960751,0.1520546793959151
241,"(0, 2, 2)","(2, 2, 1, 12)",0.3081599651920193,0.09605151024585784,0.08524171703255096,0.16315106415680938
242,"(0, 2, 2)","(2, 2, 2, 12)",21.226024103555023,2.6217439140198238,0.08045619426722,7.9760747372806895
243,"(1, 0, 0)","(0, 0, 0, 12)",0.08465873908489724,0.07871624451320026,0.05623623601947244,0.07320373987252331
244,"(1, 0, 0)","(0, 0, 1, 12)",0.0915250436863283,0.06932927107732237,0.059874735462503964,0.07357635007538488
245,"(1, 0, 0)","(0, 0, 2, 12)",0.09251866300744044,0.06301215461379367,0.06378504489082339,0.07310528750401916
246,"(1, 0, 0)","(0, 1, 0, 12)",0.03225544513795746,0.16801817845300412,0.13373690574553374,0.11133684311216512
247,"(1, 0, 0)","(0, 1, 1, 12)",0.06535207698447527,0.14549754936124973,0.11460011140807969,0.1084832459179349
248,"(1, 0, 0)","(0, 1, 2, 12)",0.30691026912015384,0.3648576079488439,429.7785559795634,143.48344128554413
249,"(1, 0, 0)","(0, 2, 0, 12)",0.12203945812014816,0.28343478412901807,0.19728354311876636,0.20091926178931085
250,"(1, 0, 0)","(0, 2, 1, 12)",0.047111036730438836,0.16783904272317854,0.14252816469571558,0.11915941471644431
251,"(1, 0, 0)","(0, 2, 2, 12)",0.1647673891106391,0.2997477502649932,0.26765642602554246,0.24405718846705823
252,"(1, 0, 0)","(1, 0, 0, 12)",0.09414154384127864,0.06923350861942974,0.0619901045421517,0.07512171900095337
253,"(1, 0, 0)","(1, 0, 1, 12)",0.0897046455881163,0.07624299209673842,0.05537238631190152,0.07377334133225208
254,"(1, 0, 0)","(1, 0, 2, 12)",0.08427657993125877,0.06687135348907436,0.09576655921134342,0.08230483087722551
255,"(1, 0, 0)","(1, 1, 0, 12)",0.15972228329012153,0.0851434548208499,0.08749603513210456,0.11078725774769199
256,"(1, 0, 0)","(1, 1, 1, 12)",0.13083384324438135,0.09709375300245433,0.09037693436160586,0.10610151020281385
257,"(1, 0, 0)","(1, 1, 2, 12)",0.3129343487269492,0.41926173323440824,845.2142695469438,281.98215520963504
258,"(1, 0, 0)","(1, 2, 0, 12)",0.12797782206442726,0.1408443759858458,0.11116003600821132,0.12666074468616148
259,"(1, 0, 0)","(1, 2, 1, 12)",0.22601611455980988,0.08103853374741515,0.0734883015641423,0.12684764995712247
260,"(1, 0, 0)","(1, 2, 2, 12)",114.76452036744995,0.08251855910270987,0.090586241958737,38.31254172283713
261,"(1, 0, 0)","(2, 0, 0, 12)",0.12373796469368335,0.05511962646154448,0.07711157708469125,0.08532305607997304
262,"(1, 0, 0)","(2, 0, 1, 12)",0.11932092685492353,0.08875925246920689,0.10675003620050157,0.10494340517487732
263,"(1, 0, 0)","(2, 0, 2, 12)",0.06719313010539928,0.1368057347538891,0.12120470270074334,0.10840118918667724
264,"(1, 0, 0)","(2, 1, 0, 12)",0.1909158155932065,0.07116014867675635,0.062186836603798805,0.10808760029125387
265,"(1, 0, 0)","(2, 1, 1, 12)",0.1873700072769848,0.07327094804206084,0.06122278420386366,0.1072879131743031
266,"(1, 0, 0)","(2, 1, 2, 12)",6584558.22745578,8011832.007258228,1.332880984220172e+16,4442936618932703.5
267,"(1, 0, 0)","(2, 2, 0, 12)",0.18929284946365063,0.09812141985495554,0.09687614728116518,0.1280968055332571
268,"(1, 0, 0)","(2, 2, 1, 12)",0.27170670218618476,0.08636112438751542,0.1384156848082778,0.16549450379399266
269,"(1, 0, 0)","(2, 2, 2, 12)",155.46222918546653,0.08070027892800831,0.08244970076715029,51.87512638838723
270,"(1, 0, 1)","(0, 0, 0, 12)",0.08599262486439857,0.10949868621102146,0.055696793153730016,0.08372936807638336
271,"(1, 0, 1)","(0, 0, 1, 12)",0.0924320259783079,0.08471160141726375,0.06907875692353911,0.08207412810637026
272,"(1, 0, 1)","(0, 0, 2, 12)",0.09050407941227483,0.08177908674264482,0.07485690224741376,0.0823800228007778
273,"(1, 0, 1)","(0, 1, 0, 12)",0.025465053972165346,0.18058255516366206,0.12694145827217454,0.11099635580266731
274,"(1, 0, 1)","(0, 1, 1, 12)",0.0755776120862403,0.18826299880487718,0.1390696050684028,0.13430340531984009
275,"(1, 0, 1)","(0, 1, 2, 12)",0.3354511913034453,0.4103552925880867,489.9416483923325,163.56248495874135
276,"(1, 0, 1)","(0, 2, 0, 12)",0.13258901248109722,0.23404125977240872,0.15617186849784395,0.17426738025044997
277,"(1, 0, 1)","(0, 2, 1, 12)",0.022055073160976314,0.18997649194844937,0.13758519465018412,0.11653891991986993
278,"(1, 0, 1)","(0, 2, 2, 12)",0.17319671063623956,0.25727539414575135,0.22209864418147993,0.21752358298782362
279,"(1, 0, 1)","(1, 0, 0, 12)",0.09643501039270508,0.08405850645234687,0.07182373955451601,0.08410575213318931
280,"(1, 0, 1)","(1, 0, 1, 12)",0.09009676056925107,0.09743247292496984,0.055597107858665944,0.08104211378429561
281,"(1, 0, 1)","(1, 0, 2, 12)",0.0847617337161764,0.07425245752464744,0.0616212427962036,0.07354514467900915
282,"(1, 0, 1)","(1, 1, 0, 12)",0.11491256407548184,0.12707702085401396,0.10066087511887017,0.11421682001612199
283,"(1, 0, 1)","(1, 1, 1, 12)",0.09229697177421879,0.1611502160690302,0.1318304345042016,0.12842587411581685
284,"(1, 0, 1)","(1, 1, 2, 12)",0.36067489153181476,0.45148969995191063,819.1419076106839,273.3180240673892
285,"(1, 0, 1)","(1, 2, 0, 12)",0.09537878456360198,0.14923358741876852,0.09509943303165957,0.11323726833801002
286,"(1, 0, 1)","(1, 2, 1, 12)",0.1875253872296945,0.13601004376705095,0.10783443070354011,0.14378995390009516
287,"(1, 0, 1)","(1, 2, 2, 12)",158.62450564432302,0.11698311041288514,0.09441487120379864,52.945301208646576
288,"(1, 0, 1)","(2, 0, 0, 12)",0.10563850735659767,0.07361979611866773,0.08694211107064474,0.08873347151530338
289,"(1, 0, 1)","(2, 0, 1, 12)",0.08589149399091724,0.14207788694263113,0.1162326229654211,0.11473400129965648
290,"(1, 0, 1)","(2, 0, 2, 12)",0.0769546518297153,0.1703163385218513,0.11656819604593353,0.12127972879916671
291,"(1, 0, 1)","(2, 1, 0, 12)",0.1544638509461461,0.10593303133594813,0.07343196827603568,0.11127628351937664
292,"(1, 0, 1)","(2, 1, 1, 12)",0.14087317212430708,0.11690311551584855,0.07918842025952716,0.11232156929989427
293,"(1, 0, 1)","(2, 1, 2, 12)",,74019207.25280921,474787080.00497216,274403143.6288907
294,"(1, 0, 1)","(2, 2, 0, 12)",0.1546500860384881,0.11176374403575837,0.08463389348215515,0.11701590785213388
295,"(1, 0, 1)","(2, 2, 1, 12)",0.2489984306033234,0.18521462911436523,0.08514860960385133,0.1731205564405133
296,"(1, 0, 1)","(2, 2, 2, 12)",205.36915878318723,0.11186510005001943,0.09373569019628887,68.52491985781118
297,"(1, 0, 2)","(0, 0, 0, 12)",0.08468057577562171,0.09908439972616138,0.05535388748054874,0.07970628766077728
298,"(1, 0, 2)","(0, 0, 1, 12)",0.09307506955673311,0.08747854821127442,0.07222152940155212,0.08425838238985323
299,"(1, 0, 2)","(0, 0, 2, 12)",0.09162803685468657,0.08645028138865468,0.07871384136458721,0.08559738653597615
300,"(1, 0, 2)","(0, 1, 0, 12)",0.021578960828488303,0.17671796546880725,0.12795122706883866,0.10874938445537807
301,"(1, 0, 2)","(0, 1, 1, 12)",0.0761616765098751,0.19269512480920425,0.14041117174374154,0.13642265768760697
302,"(1, 0, 2)","(0, 1, 2, 12)",0.36322714487030466,0.45090469625171387,524.3020439705728,175.03872527056492
303,"(1, 0, 2)","(0, 2, 0, 12)",0.1277883207344123,0.24348848075153706,0.15674028398903128,0.17600569515832687
304,"(1, 0, 2)","(0, 2, 1, 12)",0.02457964791620801,0.1838908279729346,0.13488523871223437,0.11445190486712566
305,"(1, 0, 2)","(0, 2, 2, 12)",0.17765999874256624,0.24371614356912902,0.2192277152501709,0.21353461918728875
306,"(1, 0, 2)","(1, 0, 0, 12)",0.09836658319352189,0.09000811379170946,0.07717577615371721,0.08851682437964951
307,"(1, 0, 2)","(1, 0, 1, 12)",0.09179147735375104,0.1815406294684822,0.057694807813733755,0.11034230487865566
308,"(1, 0, 2)","(1, 0, 2, 12)",0.08493541773290952,0.10097351393561486,0.11095886001350286,0.09895593056067575
309,"(1, 0, 2)","(1, 1, 0, 12)",0.10925179730235986,0.1323757481601243,0.10253679744096923,0.11472144763448446
310,"(1, 0, 2)","(1, 1, 1, 12)",0.09476400943629647,0.17924368310264394,0.14347457209811887,0.13916075487901977
311,"(1, 0, 2)","(1, 1, 2, 12)",0.39693046299753715,0.46394856633765524,825.9136738385854,275.5915176226402
312,"(1, 0, 2)","(1, 2, 0, 12)",0.09492647620464639,0.14941095392285633,0.09469926387737454,0.11301223133495908
313,"(1, 0, 2)","(1, 2, 1, 12)",0.19669894083336156,0.1386019088395989,0.10807463213718065,0.14779182727004705
314,"(1, 0, 2)","(1, 2, 2, 12)",169.8325279196507,0.11550976858284558,0.09961207356799295,56.68254992060051
315,"(1, 0, 2)","(2, 0, 0, 12)",0.10474197989921868,0.0795646042272607,0.09402732693459416,0.09277797035369117
316,"(1, 0, 2)","(2, 0, 1, 12)",0.10447570231728348,0.15662500959886608,0.12472225014073796,0.12860765401896251
317,"(1, 0, 2)","(2, 0, 2, 12)",0.07984132474699375,0.17623047494795088,0.11736702880602391,0.12447960950032284
318,"(1, 0, 2)","(2, 1, 0, 12)",0.15300260503623836,0.11292827658439286,0.07599633403187328,0.11397573855083483
319,"(1, 0, 2)","(2, 1, 1, 12)",0.10221090747277095,0.12937108770011682,0.0933337019384496,0.1083052323704458
320,"(1, 0, 2)","(2, 1, 2, 12)",378339170.7851999,5742308.542941345,1.017130997991378e+86,3.39043665997126e+85
321,"(1, 0, 2)","(2, 2, 0, 12)",0.156051460771119,0.11128320839141269,0.08463446828066097,0.11732304581439755
322,"(1, 0, 2)","(2, 2, 1, 12)",0.2485766367697948,0.10674413635251886,0.08306805631699261,0.1461296098131021
323,"(1, 0, 2)","(2, 2, 2, 12)",23.747219756946432,0.11366598547993616,0.10388280666854993,7.98825618303164
324,"(1, 1, 0)","(0, 0, 0, 12)",0.09008721709600259,0.10553244391570475,0.06252505638983341,0.08604823913384692
325,"(1, 1, 0)","(0, 0, 1, 12)",0.09996222448806363,0.10616947991239654,0.07878152536283302,0.0949710765877644
326,"(1, 1, 0)","(0, 0, 2, 12)",0.10262776970011399,0.10786394305817021,0.07855020973405598,0.09634730749744673
327,"(1, 1, 0)","(0, 1, 0, 12)",0.12872770039385673,0.19187282092140465,0.08303712001984868,0.1345458804450367
328,"(1, 1, 0)","(0, 1, 1, 12)",0.1350677835137108,0.15242748710036144,0.05414782770143722,0.11388103277183648
329,"(1, 1, 0)","(0, 1, 2, 12)",0.17468223954133444,0.32685389979133345,0.10082240594281448,0.20078618175849408
330,"(1, 1, 0)","(0, 2, 0, 12)",0.07905399550352049,0.4586251882332805,0.29058482593272966,0.2760880032231769
331,"(1, 1, 0)","(0, 2, 1, 12)",0.14850137523605786,0.17686237549620198,0.07962370921030079,0.13499581998085355
332,"(1, 1, 0)","(0, 2, 2, 12)",0.10354301001636945,0.5229635492614738,77.90494885443057,26.177151804569473
333,"(1, 1, 0)","(1, 0, 0, 12)",0.10487495840498723,0.1013445950452855,0.08732302160017795,0.09784752501681689
334,"(1, 1, 0)","(1, 0, 1, 12)",0.10111117174121671,0.10464536867477287,0.0734353112122748,0.09306395054275479
335,"(1, 1, 0)","(1, 0, 2, 12)",0.0959122453963653,0.09719404315247855,0.06694621225467556,0.08668416693450647
336,"(1, 1, 0)","(1, 1, 0, 12)",0.24065000949573012,0.07453427050928083,0.0902840644283085,0.13515611481110648
337,"(1, 1, 0)","(1, 1, 1, 12)",0.18584032276849224,0.08897704621923413,0.08443166402973595,0.11974967767248744
338,"(1, 1, 0)","(1, 1, 2, 12)",0.2711955456861158,0.10810259798280802,6809775.888082907,2269925.42246035
339,"(1, 1, 0)","(1, 2, 0, 12)",0.21869743441316192,0.18609654195874462,0.09518649884206949,0.16666015840465867
340,"(1, 1, 0)","(1, 2, 1, 12)",0.29510909912566236,0.10850287631715984,0.10861113781905947,0.17074103775396055
341,"(1, 1, 0)","(1, 2, 2, 12)",0.5857179477809943,529115.7720648018,0.08484373309724992,176372.1475421609
342,"(1, 1, 0)","(2, 0, 0, 12)",0.1085088211900716,0.09192272441437543,0.08138503646909652,0.09393886069118118
343,"(1, 1, 0)","(2, 0, 1, 12)",0.09618635189953761,0.11926056468365408,0.06596736326496254,0.09380475994938475
344,"(1, 1, 0)","(2, 0, 2, 12)",0.09794377947879442,0.11915345006709124,0.06799898405867094,0.09503207120151887
345,"(1, 1, 0)","(2, 1, 0, 12)",0.2177274271460934,0.06526228859186671,0.08584689593074063,0.12294553722290025
346,"(1, 1, 0)","(2, 1, 1, 12)",0.17827420527844728,0.07022368768524995,0.08523420262735139,0.11124403186368287
347,"(1, 1, 0)","(2, 1, 2, 12)",0.12983079290398103,0.04408380361567183,0.08674261652913913,0.08688573768293066
348,"(1, 1, 0)","(2, 2, 0, 12)",0.268792155627687,0.10856857075936494,0.0851170807073179,0.1541592690314566
349,"(1, 1, 0)","(2, 2, 1, 12)",0.282824132960879,0.1138996357479715,0.08313782762174145,0.15995386544353066
350,"(1, 1, 0)","(2, 2, 2, 12)",0.5590298244420026,34284695048.546604,0.08399657595298055,11428231683.06321
351,"(1, 1, 1)","(0, 0, 0, 12)",0.08500671472151898,0.08195707566933773,0.054661626260083696,0.0738751388836468
352,"(1, 1, 1)","(0, 0, 1, 12)",0.09327223493328851,0.08822852925493282,0.06632387281483886,0.08260821233435339
353,"(1, 1, 1)","(0, 0, 2, 12)",0.09242622458366623,0.09673803762663565,0.06513284227829048,0.08476570149619744
354,"(1, 1, 1)","(0, 1, 0, 12)",0.12664434462010493,0.1744070925964356,0.08442474682258015,0.12849206134637356
355,"(1, 1, 1)","(0, 1, 1, 12)",0.11582612504849564,0.12199906006955458,0.05026560250229368,0.09603026254011464
356,"(1, 1, 1)","(0, 1, 2, 12)",0.18406067471655255,0.3010830172031057,0.10474806088670319,0.19663058426878713
357,"(1, 1, 1)","(0, 2, 0, 12)",0.07397602709572808,0.4263377202185163,0.2905030593106795,0.263605602208308
358,"(1, 1, 1)","(0, 2, 1, 12)",0.14838632577449962,0.1586077075355008,0.08114064675494777,0.12937822668831606
359,"(1, 1, 1)","(0, 2, 2, 12)",0.10707598548916497,0.48721714355265777,79.12714142538586,26.57381151814256
360,"(1, 1, 1)","(1, 0, 0, 12)",0.0983486680431221,0.0890839163717981,0.07321151994147163,0.08688136811879728
361,"(1, 1, 1)","(1, 0, 1, 12)",0.09147078492150294,0.08958352385503575,0.05988903793240028,0.08031444890297966
362,"(1, 1, 1)","(1, 0, 2, 12)",0.08643892867731551,0.10700343577424394,0.05907872449022162,0.08417369631392702
363,"(1, 1, 1)","(1, 1, 0, 12)",0.22486982183335316,0.07585423352163415,0.07980409936768042,0.12684271824088925
364,"(1, 1, 1)","(1, 1, 1, 12)",0.15927249354924158,0.0827336340814372,0.06733175680413556,0.10311262814493811
365,"(1, 1, 1)","(1, 1, 2, 12)",0.2715626718090516,0.11094335888269008,88387264.18420105,29462421.52223569
366,"(1, 1, 1)","(1, 2, 0, 12)",0.21392555437092453,0.13674410760235714,0.09547654632649787,0.14871540276659317
367,"(1, 1, 1)","(1, 2, 1, 12)",0.27971375926945297,0.10147947055086878,0.09954971594341079,0.16024764858791085
368,"(1, 1, 1)","(1, 2, 2, 12)",0.5844000416098312,11455709357.85061,0.07828108062486368,3818569786.1710973
369,"(1, 1, 1)","(2, 0, 0, 12)",0.0971237311480063,0.08495329830167882,0.06972252949457039,0.08393318631475184
370,"(1, 1, 1)","(2, 0, 1, 12)",0.08662968475326367,0.10229213090030576,0.05520021011012474,0.08137400858789805
371,"(1, 1, 1)","(2, 0, 2, 12)",0.08746544596119217,0.10408890969263522,0.05901350094630493,0.08352261886671077
372,"(1, 1, 1)","(2, 1, 0, 12)",0.2025623790419672,0.06525900673183636,0.09157705135361542,0.119799479042473
373,"(1, 1, 1)","(2, 1, 1, 12)",0.1889704067334976,0.06868139670829387,0.08777927015257919,0.11514369119812357
374,"(1, 1, 1)","(2, 1, 2, 12)",0.1284608279285902,0.03909213807422557,0.07973947965233051,0.0824308152183821
375,"(1, 1, 1)","(2, 2, 0, 12)",0.2721894424230795,0.10282980930429597,0.08960537528365486,0.15487487567034344
376,"(1, 1, 1)","(2, 2, 1, 12)",0.27208336734129374,0.11115492189899623,0.08130457955532293,0.15484762293187096
377,"(1, 1, 1)","(2, 2, 2, 12)",0.5531280143379496,2.646097225323017e+37,0.07889040242880248,8.820324084410057e+36
378,"(1, 1, 2)","(0, 0, 0, 12)",0.08510036882217248,0.1533258857858574,0.10975219005287758,0.11605948155363582
379,"(1, 1, 2)","(0, 0, 1, 12)",0.086281690018991,0.11313712181765354,0.07318101974272367,0.09086661052645606
380,"(1, 1, 2)","(0, 0, 2, 12)",0.08565719582279008,0.1162084166216731,0.079105573010834,0.09365706181843238
381,"(1, 1, 2)","(0, 1, 0, 12)",0.0380539737237478,0.14193123024143328,0.08411349619610949,0.08803290005376352
382,"(1, 1, 2)","(0, 1, 1, 12)",0.0762706032663293,0.1460946947755598,0.06788769286447975,0.09675099696878962
383,"(1, 1, 2)","(0, 1, 2, 12)",0.30774586095907647,0.28500661801434785,0.1197952459199143,0.23751590829777955
384,"(1, 1, 2)","(0, 2, 0, 12)",0.11074049638670337,0.21246495293039042,0.13600737084772813,0.15307094005494062
385,"(1, 1, 2)","(0, 2, 1, 12)",0.07554900933704735,0.10679264230013845,0.05588449954408481,0.07940871706042353
386,"(1, 1, 2)","(0, 2, 2, 12)",0.1497371402342955,0.4572610048608101,86.68686710187565,29.097955082323583
387,"(1, 1, 2)","(1, 0, 0, 12)",0.09117881066432183,0.10913878728098443,0.070687251103616,0.09033494968297408
388,"(1, 1, 2)","(1, 0, 1, 12)",0.08078642922815817,0.13646901723161317,0.09295100210349451,0.10340214952108862
389,"(1, 1, 2)","(1, 0, 2, 12)",0.08066514488382835,0.08947623846656474,0.07727978680078218,0.08247372338372509
390,"(1, 1, 2)","(1, 1, 0, 12)",0.17007194714443255,0.09129910197191753,0.05417910774881441,0.10518338562172148
391,"(1, 1, 2)","(1, 1, 1, 12)",0.1207766910318236,0.09319264539746056,0.06754513229540805,0.09383815624156407
392,"(1, 1, 2)","(1, 1, 2, 12)",0.23751612198177816,0.1143727961069205,11788125.328701615,3929375.226863511
393,"(1, 1, 2)","(1, 2, 0, 12)",0.14929198750144854,0.14300980668101027,0.08884741413140775,0.1270497361046222
394,"(1, 1, 2)","(1, 2, 1, 12)",0.20268057284626273,0.10082288534709524,0.0773558142068973,0.1269530908000851
395,"(1, 1, 2)","(1, 2, 2, 12)",0.577212081193586,71308831090.71059,0.08258457298955803,23769610363.790127
396,"(1, 1, 2)","(2, 0, 0, 12)",0.08995184606051505,0.09816103572164026,0.06423837854694657,0.0841170867763673
397,"(1, 1, 2)","(2, 0, 1, 12)",0.08108233238804892,0.13180846833679039,0.09243232465021263,0.1017743751250173
398,"(1, 1, 2)","(2, 0, 2, 12)",0.08031179457298664,0.12035461688303029,0.07726209790998802,0.09264283645533498
399,"(1, 1, 2)","(2, 1, 0, 12)",0.2043672148289957,0.06946178413814531,0.09090179913925622,0.12157693270213242
400,"(1, 1, 2)","(2, 1, 1, 12)",0.15628654953180116,0.09289275282193853,0.06925174826150259,0.1061436835384141
401,"(1, 1, 2)","(2, 1, 2, 12)",0.1399978618545665,0.060130554872593125,0.07094842665045982,0.09035894779253982
402,"(1, 1, 2)","(2, 2, 0, 12)",0.251344556359327,0.10784690318597007,0.08457623182165068,0.14792256378898258
403,"(1, 1, 2)","(2, 2, 1, 12)",0.2553956460830345,0.08932838751760339,0.06978412095968366,0.13816938485344052
404,"(1, 1, 2)","(2, 2, 2, 12)",0.5473187960440125,11799965217.531616,0.06924528464407476,3933321739.3827267
405,"(1, 2, 0)","(0, 0, 0, 12)",0.2103608104213608,0.4421360426391123,0.49651726335582863,0.3830047054721006
406,"(1, 2, 0)","(0, 0, 1, 12)",0.1750496607038937,0.43266188741807965,0.5021166808213978,0.36994274298112373
407,"(1, 2, 0)","(0, 0, 2, 12)",0.17657925623003312,0.42308033341078777,0.6630253721074765,0.4208949872494325
408,"(1, 2, 0)","(0, 1, 0, 12)",0.31320805475064173,0.5730862662223425,0.4239060664155126,0.4367334624628323
409,"(1, 2, 0)","(0, 1, 1, 12)",0.31924600562465116,0.57186974399903,0.4376007786416103,0.4429055094217638
410,"(1, 2, 0)","(0, 1, 2, 12)",0.34052088817858456,2.857344947212744,0.418102046869546,1.2053226274202915
411,"(1, 2, 0)","(0, 2, 0, 12)",0.19917254691803457,0.9676088462991951,0.1897498066015482,0.4521770666062593
412,"(1, 2, 0)","(0, 2, 1, 12)",0.32627754259398367,0.5403917426211764,0.4470459525507038,0.43790507925528793
413,"(1, 2, 0)","(0, 2, 2, 12)",0.37731029939107996,4.3340046748243095,0.4633725680946581,1.7248958474366825
414,"(1, 2, 0)","(1, 0, 0, 12)",0.17668274285040234,0.41504420921400137,0.5101034880159813,0.36727681336012835
415,"(1, 2, 0)","(1, 0, 1, 12)",0.19203062902653487,0.4180866691770715,0.508620078831361,0.37291245901165576
416,"(1, 2, 0)","(1, 0, 2, 12)",0.18819937070706752,0.38417630585509355,5.640952953272058,2.071109543278073
417,"(1, 2, 0)","(1, 1, 0, 12)",0.3839051946943354,0.3439669295105027,0.5768582153347047,0.4349101131798476
418,"(1, 2, 0)","(1, 1, 1, 12)",0.3529557159407855,0.4468268331822905,0.46974988186909133,0.4231774769973891
419,"(1, 2, 0)","(1, 1, 2, 12)",0.3677762689680066,328.54464938979925,0.6775980879197413,109.86334124889567
420,"(1, 2, 0)","(1, 2, 0, 12)",0.35947251389774365,0.5729220721399942,0.407632472303008,0.44667568611358194
421,"(1, 2, 0)","(1, 2, 1, 12)",0.42903548756524934,0.32084410184412554,0.606646952972493,0.45217551412728935
422,"(1, 2, 0)","(1, 2, 2, 12)",0.373522647535005,0.6784385589461116,0.4183771226032145,0.4901127763614437
423,"(1, 2, 0)","(2, 0, 0, 12)",0.20467232605592076,0.4000398030080965,0.5200746195917602,0.3749289162185925
424,"(1, 2, 0)","(2, 0, 1, 12)",0.18982678290930433,0.44519290569449343,0.5050608224108281,0.38002683700487533
425,"(1, 2, 0)","(2, 0, 2, 12)",0.21703982650307665,0.4343547117875275,106.48650381713935,35.71263278514332
426,"(1, 2, 0)","(2, 1, 0, 12)",0.38757858789996513,0.28603245743053884,0.5672275118201712,0.4136128523835583
427,"(1, 2, 0)","(2, 1, 1, 12)",0.35558062117018535,0.4362664571623842,0.4696404886910892,0.4204958556745529
428,"(1, 2, 0)","(2, 1, 2, 12)",0.34307821495194823,736425559.050597,61.70100137078301,245475207.03155887
429,"(1, 2, 0)","(2, 2, 0, 12)",0.4192815463024237,0.37714876443315937,0.5419682807886371,0.44613286384140666
430,"(1, 2, 0)","(2, 2, 1, 12)",0.4237629844172172,0.17291753370616098,0.5000001792205621,0.3655602324479801
431,"(1, 2, 0)","(2, 2, 2, 12)",1.6227293594901138,0.8730066044195609,0.4123234568387342,0.9693531402494696
432,"(1, 2, 1)","(0, 0, 0, 12)",0.09380064098161635,0.11273244739309256,0.06795893528452691,0.09149734121974527
433,"(1, 2, 1)","(0, 0, 1, 12)",0.09887627999397608,0.09542133329769567,0.09252323266201858,0.09560694865123011
434,"(1, 2, 1)","(0, 0, 2, 12)",0.10258561311276664,0.08910078246020166,0.5328814356508443,0.24152261040793754
435,"(1, 2, 1)","(0, 1, 0, 12)",0.14459069817394662,0.18553387710684988,0.06886284604419153,0.13299580710832934
436,"(1, 2, 1)","(0, 1, 1, 12)",0.17870385707103653,0.10198384193103145,0.13652477162051588,0.13907082354086128
437,"(1, 2, 1)","(0, 1, 2, 12)",0.3125778070919503,2.8669467620763203,0.2868238674217253,1.1554494788633318
438,"(1, 2, 1)","(0, 2, 0, 12)",0.07582644605603177,0.4790185603676284,0.30475219268508225,0.28653239970291416
439,"(1, 2, 1)","(0, 2, 1, 12)",0.16103750648395518,0.2054527723743451,0.09340807072715201,0.15329944986181743
440,"(1, 2, 1)","(0, 2, 2, 12)",0.3347907487120045,4.4626987538564284,0.06514086193499759,1.6208767881678101
441,"(1, 2, 1)","(1, 0, 0, 12)",0.10341916819095993,0.09633025009385661,0.09455636579926098,0.09810192802802585
442,"(1, 2, 1)","(1, 0, 1, 12)",0.10258087145874713,0.1092570517570362,0.08042868498720727,0.09742220273433021
443,"(1, 2, 1)","(1, 0, 2, 12)",0.09899155315735579,0.10252142934816638,3.0486348781925057,1.083382620232676
444,"(1, 2, 1)","(1, 1, 0, 12)",0.2641295223317487,0.08787394828101197,0.1212606069069083,0.15775469250655633
445,"(1, 2, 1)","(1, 1, 1, 12)",0.22046544092422735,0.07153345316371834,0.15774610936436725,0.14991500115077097
446,"(1, 2, 1)","(1, 1, 2, 12)",0.28861375208689183,413.4088814938986,0.6308955317502627,138.10946359257858
447,"(1, 2, 1)","(1, 2, 0, 12)",0.21570101513362128,0.21357480858623618,0.10421647685680781,0.17783076685888843
448,"(1, 2, 1)","(1, 2, 1, 12)",0.2981796789904157,0.08956455433242255,0.09307471992307392,0.16027298441530405
449,"(1, 2, 1)","(1, 2, 2, 12)",0.4178809977399552,0.7695361408566725,0.0677632856570296,0.4183934747512191
450,"(1, 2, 1)","(2, 0, 0, 12)",0.11974700636134221,0.08312290657185978,0.11438371762647372,0.10575121018655857
451,"(1, 2, 1)","(2, 0, 1, 12)",0.11675880141269478,0.07903151315972178,0.13343881465717114,0.10974304307652923
452,"(1, 2, 1)","(2, 0, 2, 12)",0.09883945153948485,0.1040796111124458,90.4596573800183,30.22085881422341
453,"(1, 2, 1)","(2, 1, 0, 12)",0.2391310331047811,0.07213531852008333,0.11444450800952877,0.14190361987813108
454,"(1, 2, 1)","(2, 1, 1, 12)",0.23004977624297449,0.06713566062616372,0.1209862288030797,0.13939055522407265
455,"(1, 2, 1)","(2, 1, 2, 12)",0.276890718967394,191325676769.49908,60.8646131731224,63775225610.21353
456,"(1, 2, 1)","(2, 2, 0, 12)",0.27765751046111886,0.10766455116452073,0.08563292111126798,0.15698499424563586
457,"(1, 2, 1)","(2, 2, 1, 12)",0.31860026658451956,0.11323063003216847,0.08148617643348109,0.17110569101672304
458,"(1, 2, 1)","(2, 2, 2, 12)",1.7477477524067726,0.9964105025104814,0.0828586748187426,0.9423389765786655
459,"(1, 2, 2)","(0, 0, 0, 12)",0.08539940976698528,0.0852672629331438,0.05971504398253841,0.07679390556088916
460,"(1, 2, 2)","(0, 0, 1, 12)",0.09228072039722278,0.08307523746053151,0.07248478770450918,0.08261358185408783
461,"(1, 2, 2)","(0, 0, 2, 12)",0.08992290946214986,0.07761332968803684,0.8593498491855222,0.34229536277856965
462,"(1, 2, 2)","(0, 1, 0, 12)",0.14290788223759418,0.1660800810229712,0.06968272992743771,0.12622356439600102
463,"(1, 2, 2)","(0, 1, 1, 12)",0.16356887131071104,0.07287612747166256,0.10367272617617034,0.11337257498618131
464,"(1, 2, 2)","(0, 1, 2, 12)",0.2557929005136241,3.1539026049968744,0.09073582775444222,1.166810444421647
465,"(1, 2, 2)","(0, 2, 0, 12)",0.07071906226356924,0.4427927303215907,0.3061311123482208,0.2732143016444603
466,"(1, 2, 2)","(0, 2, 1, 12)",0.15968508225824418,0.1833966376526768,0.1103115917211387,0.1511311038773532
467,"(1, 2, 2)","(0, 2, 2, 12)",0.31692978430184243,5.091941418612687,0.0631967645055027,1.8240226558066774
468,"(1, 2, 2)","(1, 0, 0, 12)",0.09822282638042908,0.08597086387329944,0.08084200852433757,0.08834523292602203
469,"(1, 2, 2)","(1, 0, 1, 12)",0.08957700412239987,0.09309742938527592,0.06395774966060892,0.08221072772276157
470,"(1, 2, 2)","(1, 0, 2, 12)",0.08570260657891154,0.08303938579358836,3.5185023349649125,1.229081442445804
471,"(1, 2, 2)","(1, 1, 0, 12)",0.2495417763467712,0.0901885708592064,0.11072521472236167,0.1501518539761131
472,"(1, 2, 2)","(1, 1, 1, 12)",0.20583151662101887,0.06441366703170301,0.13401881758084097,0.1347546670778543
473,"(1, 2, 2)","(1, 1, 2, 12)",0.1733262743834113,1307.149039845904,0.44471473587700155,435.92236028538815
474,"(1, 2, 2)","(1, 2, 0, 12)",0.20955363172066557,0.19631316256559786,0.10749012339241631,0.1711189725595599
475,"(1, 2, 2)","(1, 2, 1, 12)",0.2782801095056949,0.08979592616356857,0.08269047276310554,0.15025550281078967
476,"(1, 2, 2)","(1, 2, 2, 12)",0.3429367624438096,1.6806011409850181,0.10545237163711231,0.7096634250219801
477,"(1, 2, 2)","(2, 0, 0, 12)",0.10756317796784552,0.07583604070850064,0.09552681271431535,0.09297534379688717
478,"(1, 2, 2)","(2, 0, 1, 12)",0.10031313158477423,0.09394283197138653,0.06407316183872987,0.08610970846496353
479,"(1, 2, 2)","(2, 0, 2, 12)",0.08703491647693583,0.0776863447212235,104.90150871265917,35.02207665795244
480,"(1, 2, 2)","(2, 1, 0, 12)",0.22474548342450573,0.07372378491156446,0.12600708519228876,0.1414921178427863
481,"(1, 2, 2)","(2, 1, 1, 12)",0.19410279122599886,0.06737183632977246,0.1343357992662084,0.13193680894065993
482,"(1, 2, 2)","(2, 1, 2, 12)",0.1784789259784312,850001050.9900649,100.62660605789087,283333717.26505
483,"(1, 2, 2)","(2, 2, 0, 12)",0.2609253372991644,0.10542815312916007,0.08595631746636152,0.15076993596489532
484,"(1, 2, 2)","(2, 2, 1, 12)",0.30346246752591793,0.09469961376535223,0.07952130910912301,0.15922779680013108
485,"(1, 2, 2)","(2, 2, 2, 12)",5.569101043483715,2.458201914653765,0.1347121497372878,2.7206717026249225
486,"(2, 0, 0)","(0, 0, 0, 12)",0.09016849540785031,0.13124231752967588,0.057524749361787586,0.09297852076643792
487,"(2, 0, 0)","(0, 0, 1, 12)",0.09928504777579139,0.10519725804830525,0.08879762645981486,0.0977599774279705
488,"(2, 0, 0)","(0, 0, 2, 12)",0.09869314768730707,0.09078590510827461,0.09736506518308159,0.09561470599288775
489,"(2, 0, 0)","(0, 1, 0, 12)",0.029658939947607894,0.1907536039321301,0.13033334695153684,0.11691529694375828
490,"(2, 0, 0)","(0, 1, 1, 12)",0.0853366004860171,0.22475416172734444,0.15374152666259225,0.15461076295865125
491,"(2, 0, 0)","(0, 1, 2, 12)",0.4118415297948359,0.5255945083751786,568.7426159428521,189.89335066034073
492,"(2, 0, 0)","(0, 2, 0, 12)",0.13679073438563025,0.23538857531552784,0.15309645068690594,0.17509192012935468
493,"(2, 0, 0)","(0, 2, 1, 12)",0.029061700263560173,0.20313580086384536,0.13986143086677708,0.12401964399806087
494,"(2, 0, 0)","(0, 2, 2, 12)",0.17379255329198173,0.24696441285641946,0.21431728573398148,0.21169141729412755
495,"(2, 0, 0)","(1, 0, 0, 12)",0.10461302106966917,0.10911172727897028,0.09299429781307032,0.10223968205390327
496,"(2, 0, 0)","(1, 0, 1, 12)",0.09123515275677448,0.22215504249177478,0.14604694048334801,0.15314571191063242
497,"(2, 0, 0)","(1, 0, 2, 12)",0.08597913570287304,0.09343625035838815,0.1289339122417603,0.1027830994343405
498,"(2, 0, 0)","(1, 1, 0, 12)",0.10264811948642671,0.15519882672154933,0.11783675983106302,0.125227902013013
499,"(2, 0, 0)","(1, 1, 1, 12)",0.10609940987005755,0.2507537766560659,0.178513021217286,0.17845540258113649
500,"(2, 0, 0)","(1, 1, 2, 12)",0.459659976393119,0.5702037228937534,1310.6610558453176,437.2303065148681
501,"(2, 0, 0)","(1, 2, 0, 12)",0.08206832273784882,0.15445387007929184,0.09344199083555016,0.1099880612175636
502,"(2, 0, 0)","(1, 2, 1, 12)",0.18771367486087864,0.15522728441290828,0.1139345590848096,0.1522918394528655
503,"(2, 0, 0)","(1, 2, 2, 12)",145.59398826115392,0.12388002571626007,0.09208474951841635,48.6033176787962
504,"(2, 0, 0)","(2, 0, 0, 12)",0.12131091328151704,0.15470027896542518,0.11742491454474867,0.13114536893056364
505,"(2, 0, 0)","(2, 0, 1, 12)",0.10409376358152976,0.20430641370368507,0.1460559288156602,0.1514853687002917
506,"(2, 0, 0)","(2, 0, 2, 12)",0.09870777878623244,0.2110156174247078,0.13555457770415086,0.14842599130503037
507,"(2, 0, 0)","(2, 1, 0, 12)",0.15235444708068588,0.14372993736194895,0.0904150443152411,0.128833142919292
508,"(2, 0, 0)","(2, 1, 1, 12)",0.13682930659540543,0.17676428058490085,0.12896426482972045,0.14751928400334224
509,"(2, 0, 0)","(2, 1, 2, 12)",357784.4190502519,19001984.85721557,64774.163350555355,6474847.813205458
510,"(2, 0, 0)","(2, 2, 0, 12)",0.15489428885225007,0.11534582816847536,0.08496058166555942,0.11840023289542828
511,"(2, 0, 0)","(2, 2, 1, 12)",0.24984646954344658,0.09873730582665648,0.08361244725460475,0.14406540754156927
512,"(2, 0, 0)","(2, 2, 2, 12)",202.80926145287458,0.12123460493679748,0.09442352807952165,67.67497319529697
513,"(2, 0, 1)","(0, 0, 0, 12)",0.08519774804121504,0.10029141363790377,0.05535194569298881,0.08028036912403587
514,"(2, 0, 1)","(0, 0, 1, 12)",0.09324955601648781,0.08874288150269212,0.07337013531476515,0.08512085761131503
515,"(2, 0, 1)","(0, 0, 2, 12)",0.0911643615021679,0.0879526368746427,0.08175300970017564,0.08695666935899542
516,"(2, 0, 1)","(0, 1, 0, 12)",0.021598339161627258,0.17721270277477894,0.12699354217840117,0.10860152803826913
517,"(2, 0, 1)","(0, 1, 1, 12)",0.07624182223747147,0.19637678145581672,0.14393765664920774,0.13885208678083197
518,"(2, 0, 1)","(0, 1, 2, 12)",0.3281010409422509,0.4263628365689336,503.19780928422443,167.98409105391187
519,"(2, 0, 1)","(0, 2, 0, 12)",0.12448349608747426,0.2502616708439801,0.15768115920071266,0.17747544204405566
520,"(2, 0, 1)","(0, 2, 1, 12)",0.023935555748447742,0.1856812263038098,0.13672187242957837,0.11544621816061196
521,"(2, 0, 1)","(0, 2, 2, 12)",0.17634538031257682,0.25305350746267363,0.21713988531287884,0.21551292436270977
522,"(2, 0, 1)","(1, 0, 0, 12)",0.09851099723206619,0.09155541013997157,0.07926118573764189,0.08977586436989321
523,"(2, 0, 1)","(1, 0, 1, 12)",0.09210717786489085,0.18246972260509065,0.1262929984784646,0.13362329964948202
524,"(2, 0, 1)","(1, 0, 2, 12)",0.07861788340209104,0.19490840465821171,0.06464383710180392,0.11272337505403557
525,"(2, 0, 1)","(1, 1, 0, 12)",0.10467925302720295,0.13675163133085302,0.1090207513581921,0.11681721190541604
526,"(2, 0, 1)","(1, 1, 1, 12)",0.09580517753403466,0.21022480361288565,0.16782076519534084,0.15795024878075373
527,"(2, 0, 1)","(1, 1, 2, 12)",0.35162849271006485,0.4659742816718749,1032.4031037412644,344.4069021718821
528,"(2, 0, 1)","(1, 2, 0, 12)",0.08950183324798577,0.14729131248085167,0.0901868181710554,0.10899332129996427
529,"(2, 0, 1)","(1, 2, 1, 12)",0.1946420091304583,0.13851703561766318,0.1078488851491924,0.14700264329910462
530,"(2, 0, 1)","(1, 2, 2, 12)",154.26984361386016,0.10294748016686746,0.09568566129994456,51.48949225177566
531,"(2, 0, 1)","(2, 0, 0, 12)",0.10868719329783223,0.13979664892094834,0.10997034358360669,0.11948472860079574
532,"(2, 0, 1)","(2, 0, 1, 12)",0.09412056858581931,0.18940557635788247,0.13956076477762963,0.14102896990711047
533,"(2, 0, 1)","(2, 0, 2, 12)",0.08145585378482263,0.18023333859156224,0.12011928293863226,0.12726949177167238
534,"(2, 0, 1)","(2, 1, 0, 12)",0.15162798949385675,0.18624706754137818,0.11749018634370711,0.15178841445964733
535,"(2, 0, 1)","(2, 1, 1, 12)",0.10296637216937089,0.2503925179454487,0.15020051195764847,0.16785313402415603
536,"(2, 0, 1)","(2, 1, 2, 12)",260793.7406452787,7816126.98596651,35338742.308023386,14471887.678211724
537,"(2, 0, 1)","(2, 2, 0, 12)",0.16999060813384878,0.09556799480046335,0.08656957429467932,0.11737605907633047
538,"(2, 0, 1)","(2, 2, 1, 12)",0.24383961383410926,0.11799580008235772,0.1033123471372952,0.1550492536845874
539,"(2, 0, 1)","(2, 2, 2, 12)",205.93660185625427,0.10221204868848464,0.07511245715258143,68.70464212069844
540,"(2, 0, 2)","(0, 0, 0, 12)",0.08243999184844969,0.10147309617259694,0.055163254685836494,0.0796921142356277
541,"(2, 0, 2)","(0, 0, 1, 12)",0.08785522173862283,0.08769014756670512,0.08607221192854014,0.08720586041128936
542,"(2, 0, 2)","(0, 0, 2, 12)",0.17093520009578791,0.11583253366552435,0.1149439619026122,0.1339038985546415
543,"(2, 0, 2)","(0, 1, 0, 12)",0.02310571321360655,0.175219438610413,0.1306572973124375,0.10966081637881901
544,"(2, 0, 2)","(0, 1, 1, 12)",0.07978076506461192,0.1965355309025636,0.14365386595687954,0.139990053974685
545,"(2, 0, 2)","(0, 1, 2, 12)",0.3310629728535603,0.6808396933770171,651.3942451867682,217.46871595099958
546,"(2, 0, 2)","(0, 2, 0, 12)",0.12199999198177362,0.2446517326266935,0.15612938829734152,0.1742603709686029
547,"(2, 0, 2)","(0, 2, 1, 12)",0.023961842635480176,0.18970481151710447,0.140278426278077,0.11798169347688721
548,"(2, 0, 2)","(0, 2, 2, 12)",0.17760739909961543,0.2482794704333599,0.2185478582131365,0.2148115759153706
549,"(2, 0, 2)","(1, 0, 0, 12)",0.09860988010324373,0.08820880458861925,0.07448512288052392,0.08710126919079564
550,"(2, 0, 2)","(1, 0, 1, 12)",0.08288613515708788,0.10078781617506374,0.06716015263282459,0.08361136798832541
551,"(2, 0, 2)","(1, 0, 2, 12)",0.08584395348831753,0.11593358339371182,0.06327293385915451,0.08835015691372795
552,"(2, 0, 2)","(1, 1, 0, 12)",0.10580499128386096,0.15059362039118313,0.10541263123172567,0.12060374763558991
553,"(2, 0, 2)","(1, 1, 1, 12)",0.0956375352775411,0.22562047559191944,0.1780191635101885,0.16642572479321635
554,"(2, 0, 2)","(1, 1, 2, 12)",0.3952636719920703,0.694723369354277,1085.873790021291,362.3212590208791
555,"(2, 0, 2)","(1, 2, 0, 12)",0.0822019208349111,0.14713967727525307,0.09162695160391414,0.10698951657135942
556,"(2, 0, 2)","(1, 2, 1, 12)",0.18742750001909605,0.1383831025374693,0.11062424694230412,0.14547828316628983
557,"(2, 0, 2)","(1, 2, 2, 12)",169.04815413110074,0.11434937232477307,0.10473222358304829,56.422411909002854
558,"(2, 0, 2)","(2, 0, 0, 12)",0.10896939078668842,0.07689145754753628,0.0905424819155029,0.09213444341657588
559,"(2, 0, 2)","(2, 0, 1, 12)",0.10547089605082442,0.09909364180145902,0.1068551357936711,0.10380655788198485
560,"(2, 0, 2)","(2, 0, 2, 12)",0.0834536979891869,0.09674443335748212,0.08807798568206783,0.08942537234291227
561,"(2, 0, 2)","(2, 1, 0, 12)",0.14664417507046526,0.1831515251483306,0.0744197952480938,0.13473849848896324
562,"(2, 0, 2)","(2, 1, 1, 12)",0.10997705858852928,0.198778514296168,0.08406035717491755,0.13093864335320496
563,"(2, 0, 2)","(2, 1, 2, 12)",1.882703169845381e+52,114561422.76630636,6.601119480411612e+66,2.2003731601372102e+66
564,"(2, 0, 2)","(2, 2, 0, 12)",0.15542697928466273,0.10713872300731778,0.08756540562903736,0.11671036930700596
565,"(2, 0, 2)","(2, 2, 1, 12)",0.24213070977322618,0.12459525333300459,0.10587009968030504,0.15753202092884525
566,"(2, 0, 2)","(2, 2, 2, 12)",221.04989867088003,0.10028489833762945,0.10292148008891316,73.75103501643552
567,"(2, 1, 0)","(0, 0, 0, 12)",0.08241311809424405,0.08410985122902966,0.05477560627737435,0.07376619186688269
568,"(2, 1, 0)","(0, 0, 1, 12)",0.09161473990074631,0.08761838911250329,0.06501459335242336,0.08141590745522433
569,"(2, 1, 0)","(0, 0, 2, 12)",0.08947095182284433,0.09274202820924551,0.06350668983393416,0.081906556622008
570,"(2, 1, 0)","(0, 1, 0, 12)",0.09128486073530202,0.1599339411555065,0.09376040341495402,0.11499306843525418
571,"(2, 1, 0)","(0, 1, 1, 12)",0.1033875079719077,0.12626537112020642,0.0510017175945836,0.09355153222889924
572,"(2, 1, 0)","(0, 1, 2, 12)",0.2577683584881609,0.29047258136386295,0.1105117991721025,0.21958424634137544
573,"(2, 1, 0)","(0, 2, 0, 12)",0.11423409331832118,0.40806483713436026,0.28810257892331687,0.2701338364586661
574,"(2, 1, 0)","(0, 2, 1, 12)",0.11991814114244444,0.1481536243311477,0.08359707063998857,0.11722294537119356
575,"(2, 1, 0)","(0, 2, 2, 12)",0.14047626213844291,0.46834583433478155,76.26026516488785,25.623029087120358
576,"(2, 1, 0)","(1, 0, 0, 12)",0.09627099930007714,0.08713560977252113,0.06986068428837704,0.0844224311203251
577,"(2, 1, 0)","(1, 0, 1, 12)",0.09028853146240295,0.0871179015065283,0.05964525957522615,0.07901723084805247
578,"(2, 1, 0)","(1, 0, 2, 12)",0.08460399891690541,0.09128924831860746,0.05814807948896327,0.07801377557482538
579,"(2, 1, 0)","(1, 1, 0, 12)",0.209453737481453,0.07912595539066726,0.07713224976781335,0.12190398087997788
580,"(2, 1, 0)","(1, 1, 1, 12)",0.14635086460885993,0.0822330578288251,0.06670284379538217,0.09842892207768907
581,"(2, 1, 0)","(1, 1, 2, 12)",0.24215426704404464,0.11399462926647039,5667553.038594335,1889184.4649144106
582,"(2, 1, 0)","(1, 2, 0, 12)",0.19142783444047515,0.17162722630302152,0.09646447717713526,0.15317317930687732
583,"(2, 1, 0)","(1, 2, 1, 12)",0.26371796025948757,0.1126080002824482,0.09753388437168271,0.15795328163787284
584,"(2, 1, 0)","(1, 2, 2, 12)",0.5776477624854134,110603.42574542195,0.08285838563278651,36868.02875052336
585,"(2, 1, 0)","(2, 0, 0, 12)",0.09460630822101006,0.08341148227642063,0.06747793321688415,0.08183190790477161
586,"(2, 1, 0)","(2, 0, 1, 12)",0.08470107383329535,0.09746321013233404,0.05600666346104208,0.07939031580889049
587,"(2, 1, 0)","(2, 0, 2, 12)",0.08422863854720992,0.0994901847335345,0.05839047099347829,0.08070309809140758
588,"(2, 1, 0)","(2, 1, 0, 12)",0.2039897896190698,0.06527325391609087,0.08857179446965364,0.1192782793349381
589,"(2, 1, 0)","(2, 1, 1, 12)",0.15184634399367425,0.06995482812057482,0.08614194344722825,0.10264770518715911
590,"(2, 1, 0)","(2, 1, 2, 12)",0.13389658631715196,0.038219863733030865,0.07495252994767927,0.08235632666595404
591,"(2, 1, 0)","(2, 2, 0, 12)",0.24550976176847264,0.1073718416887769,0.08520066291566188,0.1460274221243038
592,"(2, 1, 0)","(2, 2, 1, 12)",0.27328633205469016,0.11291957296697126,0.0832653513295336,0.15649041878373168
593,"(2, 1, 0)","(2, 2, 2, 12)",0.5481185179203457,65039710673613.16,0.07214487816956812,21679903557871.258
594,"(2, 1, 1)","(0, 0, 0, 12)",0.08480282974262186,0.08168768657466965,0.0546293638921413,0.0737066267364776
595,"(2, 1, 1)","(0, 0, 1, 12)",0.10080660160507289,0.13550872050852966,0.09255298668357874,0.10962276959906044
596,"(2, 1, 1)","(0, 0, 2, 12)",0.10476757468840221,0.15022641550204388,0.0655824770125548,0.10685882240100031
597,"(2, 1, 1)","(0, 1, 0, 12)",0.11928302488744341,0.16650677412151224,0.08569002526776824,0.12382660809224129
598,"(2, 1, 1)","(0, 1, 1, 12)",0.11389840950878988,0.13710897713953474,0.052643915112637975,0.10121710058698753
599,"(2, 1, 1)","(0, 1, 2, 12)",0.17721847986809555,0.2854590877912015,0.10576287172817622,0.1894801464624911
600,"(2, 1, 1)","(0, 2, 0, 12)",0.07862972522700555,0.43950123812993175,0.130755290513993,0.2162954179569768
601,"(2, 1, 1)","(0, 2, 1, 12)",0.1511780218267692,0.15499200089538012,0.0852262393793131,0.13046542070048747
602,"(2, 1, 1)","(0, 2, 2, 12)",0.127878242617505,0.46378962120118405,76.98383799476555,25.858501952861413
603,"(2, 1, 1)","(1, 0, 0, 12)",0.10285710610451954,0.13644160156857038,0.09197804029624711,0.11042558265644568
604,"(2, 1, 1)","(1, 0, 1, 12)",0.09633041514642195,0.1451908199881743,0.09271438467452318,0.11141187326970647
605,"(2, 1, 1)","(1, 0, 2, 12)",0.09816834490794524,0.14669878552838167,0.10207842351743145,0.11564851798458613
606,"(2, 1, 1)","(1, 1, 0, 12)",0.17879765993495042,0.09892871233377791,0.0803574890017322,0.11936128709015352
607,"(2, 1, 1)","(1, 1, 1, 12)",0.11899413084581568,0.11390308781144005,0.07059949535373847,0.10116557133699806
608,"(2, 1, 1)","(1, 1, 2, 12)",0.25819150024302,0.11261664321714868,8350760.411073876,2783586.927294006
609,"(2, 1, 1)","(1, 2, 0, 12)",0.2201295197187317,0.17475465748792446,0.10088111546926155,0.16525509755863924
610,"(2, 1, 1)","(1, 2, 1, 12)",0.27032255610079936,0.1092027038621679,0.09953163487239299,0.15968563161178675
611,"(2, 1, 1)","(1, 2, 2, 12)",0.5771512072257732,996.5129784076346,0.07807957084736276,332.38940306190256
612,"(2, 1, 1)","(2, 0, 0, 12)",0.09947186534644754,0.11559149836891185,0.07524537010137407,0.09676957793891115
613,"(2, 1, 1)","(2, 0, 1, 12)",0.09266343630314346,0.13522104279806454,0.08534623235636729,0.1044102371525251
614,"(2, 1, 1)","(2, 0, 2, 12)",0.0963742280557154,0.14474770943299733,0.10113351653241621,0.11408515134037632
615,"(2, 1, 1)","(2, 1, 0, 12)",0.2074740569241158,0.06409855279282645,0.07790113047785753,0.11649124673159993
616,"(2, 1, 1)","(2, 1, 1, 12)",0.1608092612502202,0.07029327179104866,0.07684561694742365,0.10264938332956415
617,"(2, 1, 1)","(2, 1, 2, 12)",0.12892805514894615,0.0367459384395343,0.07822539956325543,0.08129979771724528
618,"(2, 1, 1)","(2, 2, 0, 12)",0.25187459299869985,0.10489291914006624,0.08504016351182087,0.14726922521686234
619,"(2, 1, 1)","(2, 2, 1, 12)",0.271686316741738,0.10958837588667696,0.06855182903672558,0.1499421738883802
620,"(2, 1, 1)","(2, 2, 2, 12)",0.546169839140419,16718771.286850661,0.07078815763036933,5572923.96793622
621,"(2, 1, 2)","(0, 0, 0, 12)",0.0849940769755408,0.1581273279722964,0.10981200169516649,0.11764446888100122
622,"(2, 1, 2)","(0, 0, 1, 12)",0.09552696756960116,0.14646092932361437,0.09933286432766587,0.11377358707362713
623,"(2, 1, 2)","(0, 0, 2, 12)",0.09782022680785103,0.13698416056786586,0.10020373415896089,0.1116693738448926
624,"(2, 1, 2)","(0, 1, 0, 12)",0.04313585218383481,0.14131575547319822,0.08599315742872093,0.09014825502858466
625,"(2, 1, 2)","(0, 1, 1, 12)",0.07813149460464792,0.14567748634623012,0.1382106463079686,0.12067320908628221
626,"(2, 1, 2)","(0, 1, 2, 12)",2.3623428679439242,181.378306549523,2.533368913247689,62.09133944357154
627,"(2, 1, 2)","(0, 2, 0, 12)",0.10629408819049944,0.23561975926286116,0.13990780376496326,0.16060721707277462
628,"(2, 1, 2)","(0, 2, 1, 12)",0.07437355960455118,0.1127489152893532,0.053028593766183185,0.08005035622002919
629,"(2, 1, 2)","(0, 2, 2, 12)",0.12544352369466163,0.4252635314552984,209.2544979991263,69.93506835142541
630,"(2, 1, 2)","(1, 0, 0, 12)",0.10010490582967964,0.1405617756003601,0.09366192415187317,0.1114428685273043
631,"(2, 1, 2)","(1, 0, 1, 12)",0.0874567289161462,0.14835897186222288,0.09606712747224157,0.11062760941687022
632,"(2, 1, 2)","(1, 0, 2, 12)",0.09267991320463885,0.0900591705286607,0.11016518235063749,0.09763475536131234
633,"(2, 1, 2)","(1, 1, 0, 12)",0.16653648190066464,0.0950837400567078,0.055589210012113914,0.10573647732316212
634,"(2, 1, 2)","(1, 1, 1, 12)",0.10778045871560786,0.12573913093143774,0.0716801963428493,0.10173326199663164
635,"(2, 1, 2)","(1, 1, 2, 12)",0.2081952325917111,114.83146225299629,86731689.69742645,28910601.57902798
636,"(2, 1, 2)","(1, 2, 0, 12)",0.16149786857969786,0.1441877612108398,0.08277160505090271,0.1294857449471468
637,"(2, 1, 2)","(1, 2, 1, 12)",0.2019367885544682,0.1064215126499294,0.07738673345879077,0.12858167822106278
638,"(2, 1, 2)","(1, 2, 2, 12)",0.5352701755959665,3.889295960305748e+140,0.13436304292559934,1.2964319867685828e+140
639,"(2, 1, 2)","(2, 0, 0, 12)",0.10714542360501529,0.1262265247410119,0.08165267039227059,0.10500820624609926
640,"(2, 1, 2)","(2, 0, 1, 12)",0.08901898810877541,0.13510544287135642,0.08145779406326172,0.10186074168113118
641,"(2, 1, 2)","(2, 0, 2, 12)",0.09024524904672049,0.13999107430417715,0.1063880425106495,0.11220812195384905
642,"(2, 1, 2)","(2, 1, 0, 12)",0.20545018714015315,0.0642880834195887,0.06494387025331573,0.11156071360435253
643,"(2, 1, 2)","(2, 1, 1, 12)",0.16637607468820456,0.07063422065174206,0.054529930828839564,0.09718007538959539
644,"(2, 1, 2)","(2, 1, 2, 12)",0.17437868462107706,88.56082178308753,1.8750629802579821,30.203421149322196
645,"(2, 1, 2)","(2, 2, 0, 12)",0.22426422551237193,0.10620999874692645,0.1389745978672127,0.15648294070883703
646,"(2, 1, 2)","(2, 2, 1, 12)",0.24353289079788065,0.08867070283980015,0.08429840767047862,0.13883400043605315
647,"(2, 1, 2)","(2, 2, 2, 12)",0.5187301897480306,4.983807205158197e+111,0.0672393687971987,1.6612690683860656e+111
648,"(2, 2, 0)","(0, 0, 0, 12)",0.18813534119050454,0.26669533565192105,0.49013662899365457,0.31498910194536006
649,"(2, 2, 0)","(0, 0, 1, 12)",0.16456069127059106,0.2924952852013784,0.5030889714907555,0.320048315987575
650,"(2, 2, 0)","(0, 0, 2, 12)",0.15073429696193522,0.3107694108644078,0.49624735646066864,0.3192503547623372
651,"(2, 2, 0)","(0, 1, 0, 12)",0.3677175789465179,0.30135348243413906,0.3446562105766638,0.33790909065244024
652,"(2, 2, 0)","(0, 1, 1, 12)",0.2950467533139749,0.3614208203991726,0.42541860311414365,0.36062872560909703
653,"(2, 2, 0)","(0, 1, 2, 12)",0.3393413351582509,2.9089132524049743,0.3374133860137207,1.195222657858982
654,"(2, 2, 0)","(0, 2, 0, 12)",0.3245181003096751,0.562316450547935,0.10311598079654057,0.3299835105513836
655,"(2, 2, 0)","(0, 2, 1, 12)",0.38849613585701986,0.26511204772594393,0.36768300256091885,0.3404303953812942
656,"(2, 2, 0)","(0, 2, 2, 12)",0.4755889371890274,4.392319576112531,0.4005706456816272,1.7561597196610617
657,"(2, 2, 0)","(1, 0, 0, 12)",0.15336708048084383,0.2945068311568413,0.5132731758625017,0.32038236250006225
658,"(2, 2, 0)","(1, 0, 1, 12)",0.17934036618323465,0.2868474786241646,0.4877349719921067,0.317974272266502
659,"(2, 2, 0)","(1, 0, 2, 12)",0.175130938009905,0.2789707937295582,5.449535067347415,1.9678789330289594
660,"(2, 2, 0)","(1, 1, 0, 12)",0.38497714085294926,0.19345284167945664,0.5309477070314422,0.36979256318794934
661,"(2, 2, 0)","(1, 1, 1, 12)",0.2875617150160407,0.29361862552577617,0.49325713513618,0.35814582522599897
662,"(2, 2, 0)","(1, 1, 2, 12)",0.24965405424342998,402.4435561025718,0.6671303261277864,134.45344682764767
663,"(2, 2, 0)","(1, 2, 0, 12)",0.48052786795858876,0.3163981455228741,0.32236456221366305,0.373096858565042
664,"(2, 2, 0)","(1, 2, 1, 12)",0.4465372232108585,0.16617782158225916,0.523830413747032,0.3788484861800499
665,"(2, 2, 0)","(1, 2, 2, 12)",0.6276258285006895,0.5739848899720595,0.3497146602849524,0.5171084595859005
666,"(2, 2, 0)","(2, 0, 0, 12)",0.19340730733968883,0.281935461139911,0.5187137718938466,0.33135218012448214
667,"(2, 2, 0)","(2, 0, 1, 12)",0.18299912915655195,0.3091659776755738,0.47562422542601057,0.32259644408604543
668,"(2, 2, 0)","(2, 0, 2, 12)",0.16656735169420753,0.27392745480713476,123.45573335817102,41.29874272155745
669,"(2, 2, 0)","(2, 1, 0, 12)",0.3608486593071201,0.1870592147143269,0.5195718566031882,0.35582657687487834
670,"(2, 2, 0)","(2, 1, 1, 12)",0.32880982635216244,0.2887584938326213,0.4804295209689094,0.36599928038456436
671,"(2, 2, 0)","(2, 1, 2, 12)",0.22278970506700402,577947995.6447449,79.99290979156707,192649358.62014815
672,"(2, 2, 0)","(2, 2, 0, 12)",0.44219464606825976,0.16541392500481367,0.4100026125411582,0.33920372787141057
673,"(2, 2, 0)","(2, 2, 1, 12)",0.43854640242132176,0.13227990151082625,0.37986998041315584,0.3168987614484346
674,"(2, 2, 0)","(2, 2, 2, 12)",1.6750739909648555,0.801914646402784,0.3577859315399962,0.9449248563025452
675,"(2, 2, 1)","(0, 0, 0, 12)",0.08379212159173788,0.2788963045980227,0.49040528919996224,0.2843645717965743
676,"(2, 2, 1)","(0, 0, 1, 12)",0.09038398885530084,0.0810613778459744,0.07101970584667645,0.08082169084931723
677,"(2, 2, 1)","(0, 0, 2, 12)",0.08817317452503409,0.07923126005707298,0.505870759435355,0.22442506467248735
678,"(2, 2, 1)","(0, 1, 0, 12)",0.10913632370353367,0.14921475356260222,0.07615672898517596,0.11150260208377061
679,"(2, 2, 1)","(0, 1, 1, 12)",0.1459102087011049,0.0742607803239162,0.1170869282804987,0.1124193057685066
680,"(2, 2, 1)","(0, 1, 2, 12)",0.3282323060484281,2.9069343968816543,0.338229833662008,1.1911321788640301
681,"(2, 2, 1)","(0, 2, 0, 12)",0.11106763924356454,0.4304678606577937,0.3059908280603886,0.28250877598724894
682,"(2, 2, 1)","(0, 2, 1, 12)",0.12954770058557583,0.18104281668846475,0.1043158947016546,0.13830213732523172
683,"(2, 2, 1)","(0, 2, 2, 12)",0.45816608996764224,4.369682502582729,0.06513837988874528,1.6309956574797058
684,"(2, 2, 1)","(1, 0, 0, 12)",0.09575247167204225,0.08357249047916082,0.07539069568717122,0.0849052192794581
685,"(2, 2, 1)","(1, 0, 1, 12)",0.09019430454873034,0.08803656473362807,0.06519140791231924,0.08114075906489256
686,"(2, 2, 1)","(1, 0, 2, 12)",0.08298130194593263,0.08187989331845665,5.570552311198649,1.9118045021543464
687,"(2, 2, 1)","(1, 1, 0, 12)",0.23524498251573897,0.0939198698326866,0.10769687582983102,0.14562057605941886
688,"(2, 2, 1)","(1, 1, 1, 12)",0.18796042684031342,0.06477047711318193,0.13835134981188316,0.13036075125512617
689,"(2, 2, 1)","(1, 1, 2, 12)",0.23776974193507736,404.7284897496229,0.6672666405443302,135.21117537736743
690,"(2, 2, 1)","(1, 2, 0, 12)",0.18675102041945355,0.19653019887800982,0.11143020588980941,0.1649038083957576
691,"(2, 2, 1)","(1, 2, 1, 12)",0.2667170074196313,0.09084315111369795,0.08561213162274824,0.1477240967186925
692,"(2, 2, 1)","(1, 2, 2, 12)",0.6041523785609474,0.569172180094403,0.33243660319256935,0.50192038728264
693,"(2, 2, 1)","(2, 0, 0, 12)",0.09596102831130755,0.07214589502927171,0.08490784478588102,0.08433825604215343
694,"(2, 2, 1)","(2, 0, 1, 12)",0.08405127876068134,0.0817745292576351,0.06330527491757758,0.07637702764529801
695,"(2, 2, 1)","(2, 0, 2, 12)",0.08277757455904318,0.08109723445689562,126.22998814173718,42.13128765025104
696,"(2, 2, 1)","(2, 1, 0, 12)",0.22553820709728553,0.07198058780530535,0.11774729306302756,0.1384220293218728
697,"(2, 2, 1)","(2, 1, 1, 12)",0.18945457644439445,0.0703419690150529,0.1404612858105941,0.1334192770900138
698,"(2, 2, 1)","(2, 1, 2, 12)",0.21407392058116045,557672294.6408691,79.55341248631422,185890791.4694518
699,"(2, 2, 1)","(2, 2, 0, 12)",0.2609074891163687,0.10781646270687978,0.40448280954134014,0.2577355871215295
700,"(2, 2, 1)","(2, 2, 1, 12)",0.3106626580420332,0.09273188084881778,0.3413438986004282,0.24824614583042637
701,"(2, 2, 1)","(2, 2, 2, 12)",1.700767596836443,0.8058922230030338,0.10495759223696506,0.8705391373588139
702,"(2, 2, 2)","(0, 0, 0, 12)",0.08559264361081753,0.08610518188009458,0.06024195851279607,0.0773132613345694
703,"(2, 2, 2)","(0, 0, 1, 12)",0.09752225160485134,0.08491468302573543,0.0757150181383935,0.08605065092299342
704,"(2, 2, 2)","(0, 0, 2, 12)",0.088329538778454,0.07823013100999834,0.6807700642648432,0.2824432446844318
705,"(2, 2, 2)","(0, 1, 0, 12)",0.13613445716089848,0.15775435409080607,0.07287179310462505,0.1222535347854432
706,"(2, 2, 2)","(0, 1, 1, 12)",0.11519583089397863,0.09363985250554697,0.0503901921538733,0.0864086251844663
707,"(2, 2, 2)","(0, 1, 2, 12)",0.2587247562699992,3.185575715713259,0.07781307317359187,1.1740378483856166
708,"(2, 2, 2)","(0, 2, 0, 12)",0.058764716013274265,0.45672213202093687,0.2894681890973323,0.2683183457105145
709,"(2, 2, 2)","(0, 2, 1, 12)",0.07616454557563754,0.1856486324521027,0.10463321229951773,0.12214879677575265
710,"(2, 2, 2)","(0, 2, 2, 12)",0.5900070987461611,4.745560888499646,0.07738250963266531,1.804316832292824
711,"(2, 2, 2)","(1, 0, 0, 12)",0.09983218726338981,0.08395017707422976,0.05236938732916673,0.07871725055559543
712,"(2, 2, 2)","(1, 0, 1, 12)",0.09766486328398409,0.08685210602189879,0.04928306658329858,0.07793334529639383
713,"(2, 2, 2)","(1, 0, 2, 12)",0.08251709746384604,0.08151088573485069,3.9695525542432653,1.3778601791473208
714,"(2, 2, 2)","(1, 1, 0, 12)",0.20370478152010948,0.08736034482558311,0.07362286480973426,0.12156266371847561
715,"(2, 2, 2)","(1, 1, 1, 12)",0.17869854442057945,0.07272043746781025,0.16008156218893635,0.13716684802577536
716,"(2, 2, 2)","(1, 1, 2, 12)",0.17569794508645262,1305.1080682061604,0.41971673278141947,435.2344942946761
717,"(2, 2, 2)","(1, 2, 0, 12)",0.16108941392971224,0.20035761029500784,0.11540687787689706,0.15895130070053906
718,"(2, 2, 2)","(1, 2, 1, 12)",0.28508324819857733,0.08837978309421468,0.11298616149258839,0.16214973092846013
719,"(2, 2, 2)","(1, 2, 2, 12)",0.2574655185670454,5.227483697645092,0.16612327773627333,1.8836908313161367
720,"(2, 2, 2)","(2, 0, 0, 12)",0.10763433013906061,0.08174061545556764,0.05305984442989655,0.0808115966748416
721,"(2, 2, 2)","(2, 0, 1, 12)",0.10321730259394178,0.09377751576628776,0.06281666927477993,0.08660382921166981
722,"(2, 2, 2)","(2, 0, 2, 12)",0.08381890219795095,0.07628378765411174,111.15405518191034,37.10471929058747
723,"(2, 2, 2)","(2, 1, 0, 12)",0.2279397850057127,0.0706302593551066,0.06253323347753806,0.12036775927945247
724,"(2, 2, 2)","(2, 1, 1, 12)",0.19278132828423064,0.0683507911922284,0.15555814693490644,0.13889675547045516
725,"(2, 2, 2)","(2, 1, 2, 12)",0.17862189522697702,7987113789.676915,98.12994858832148,2662371295.995162
726,"(2, 2, 2)","(2, 2, 0, 12)",0.2534756386077223,0.10546545290490734,0.08637017978376042,0.14843709043213002
727,"(2, 2, 2)","(2, 2, 1, 12)",0.2806426669373033,0.12221716087335271,0.15473699779158412,0.18586560853408005
728,"(2, 2, 2)","(2, 2, 2, 12)",11.089461827742037,7.433282080747309,0.16967818719468186,6.230807365228009
